slug,num,firstName,lastName,team,car,power,nationality,flag,birthDate,born,catsCsv,champsCsv,standing,points,bestStanding,wins,podiums,bio,instagram,historyJson,imageUrl,hasRealPhoto,sourcePhotoCredit,photoUrlIfAuthorizedLater
francois-axel,9,Axel,Francois,EXTREM DRIFT TEAM,CORVETTE,750,França,🇫🇷,"Feb 10, 1985",França,"cfd,pro",CFD,0,188,0,0,0,"Axel Francois, natural de França, compete no Campeonato de França de Drift (CFD) ao volante de um CORVETTE. Corre pela equipa EXTREM DRIFT TEAM. Já terminou em 2º lugar da categoria Elite em 2021. Corre com o número 9 e soma 188 pontos na presente época.",https://www.instagram.com/axelfrancoisdriver/,"[{""season"":2021,""standing"":0,""points"":1046},{""season"":2022,""standing"":0,""points"":560},{""season"":2023,""standing"":0,""points"":825},{""season"":2024,""standing"":0,""points"":576},{""season"":2025,""standing"":0,""points"":400},{""season"":2026,""standing"":0,""points"":188}]",/uploads/drivers/francois-axel.jpg,true,Photo (c) Championnat de France de Drift - used with permission | source: https://admin.driftfrance.com/storage/uploads/2026/04/23/FRANCOIS_9_uid_69ea555bf4188.jpg,https://admin.driftfrance.com/storage/uploads/2026/04/23/FRANCOIS_9_uid_69ea555bf4188.jpg
lahais-mickael,22,Mickael,Lahais,TEAM XPEL ELITE,Nissan S14 ROCKET BUNNY,800,França,🇫🇷,"Aug 16, 1989",França,"cfd,pro",CFD,0,0,0,0,0,Mickael Lahais é piloto de drift natural de França e enfrenta a grelha do Championnat de France de Drift 2026 a bordo de um Nissan S14 ROCKET BUNNY. Veste as cores da TEAM XPEL ELITE. Já terminou em 27º lugar da categoria Elite em 2024. Corre com o número 22 nesta temporada.,https://www.instagram.com/mickael_lahais/,"[{""season"":2021,""standing"":0,""points"":215},{""season"":2022,""standing"":0,""points"":60},{""season"":2023,""standing"":0,""points"":196},{""season"":2024,""standing"":0,""points"":232},{""season"":2025,""standing"":0,""points"":230},{""season"":2026,""standing"":0,""points"":0}]",/uploads/drivers/lahais-mickael.webp,true,Photo (c) Championnat de France de Drift - used with permission | source: https://admin.driftfrance.com/storage/uploads/2025/12/16/CFD_Avatar_Pilotes_elite_lahais_uid_69412f5ff3451.webp,https://admin.driftfrance.com/storage/uploads/2025/12/16/CFD_Avatar_Pilotes_elite_lahais_uid_69412f5ff3451.webp
dufour-nicolas,27,Nicolas,Dufour,,BMW Série 3 E30,0,França,🇫🇷,"Sep 29, 1987",França,"cfd,pro",CFD,0,219,0,0,0,"Com um BMW Série 3 E30 preparado para a pista, Nicolas Dufour representa França na época 2026 do CFD. Tem no currículo um título de campeão, conquistado em 2016. Corre com o número 27 e soma 219 pontos na presente época.",https://www.instagram.com/dufournico/,"[{""season"":2021,""standing"":0,""points"":682},{""season"":2022,""standing"":0,""points"":536},{""season"":2024,""standing"":0,""points"":0},{""season"":2025,""standing"":0,""points"":100},{""season"":2026,""standing"":0,""points"":219}]",/uploads/drivers/dufour-nicolas.jpg,true,Photo (c) Championnat de France de Drift - used with permission | source: https://admin.driftfrance.com/storage/uploads/2026/04/23/DUFOUR_27_uid_69ea5d700d8b4.jpg,https://admin.driftfrance.com/storage/uploads/2026/04/23/DUFOUR_27_uid_69ea5d700d8b4.jpg
locatelli-mathias,3,Mathias,Locatelli,TEAM XPEL ELITE,NISSAN S15,800,França,🇫🇷,"Nov 9, 1994",França,"cfd,pro",CFD,0,504,0,0,0,"Mathias Locatelli, de França, integra a grelha do CFD em 2026, ao volante de um NISSAN S15. Representa a equipa TEAM XPEL ELITE na competição. Já terminou em 2º lugar da categoria Elite em 2024. Na época 2026 leva o número 3 e já contabiliza 504 pontos.",https://www.instagram.com/locatelli_mathias/,"[{""season"":2021,""standing"":0,""points"":632},{""season"":2022,""standing"":0,""points"":773},{""season"":2023,""standing"":0,""points"":839},{""season"":2024,""standing"":0,""points"":793},{""season"":2025,""standing"":0,""points"":700},{""season"":2026,""standing"":0,""points"":504}]",/uploads/drivers/locatelli-mathias.jpg,true,Photo (c) Championnat de France de Drift - used with permission | source: https://admin.driftfrance.com/storage/uploads/2026/04/23/LOCATELLI_3_uid_69ea50ef8afe8.jpg,https://admin.driftfrance.com/storage/uploads/2026/04/23/LOCATELLI_3_uid_69ea50ef8afe8.jpg
jozou-kevin,1,Kevin,Jozou,MILWAUKEE RACING,BMW Série 1 E82,780,França,🇫🇷,"Dec 23, 1992",França,"cfd,pro",CFD,0,315,0,0,0,"Kevin Jozou, natural de França, compete no Campeonato de França de Drift (CFD) ao volante de um BMW Série 1 E82. Corre pela equipa MILWAUKEE RACING. Já terminou em 2º lugar da categoria Elite em 2023. Corre com o número 1 e soma 315 pontos na presente época.",https://www.instagram.com/kevin.jozou/,"[{""season"":2021,""standing"":0,""points"":487},{""season"":2022,""standing"":0,""points"":670},{""season"":2023,""standing"":0,""points"":942},{""season"":2024,""standing"":0,""points"":534},{""season"":2025,""standing"":0,""points"":1040},{""season"":2026,""standing"":0,""points"":315}]",/uploads/drivers/jozou-kevin.jpg,true,Photo (c) Championnat de France de Drift - used with permission | source: https://admin.driftfrance.com/storage/uploads/2026/04/23/JOZOU_1_uid_69ea54c42a475.jpg,https://admin.driftfrance.com/storage/uploads/2026/04/23/JOZOU_1_uid_69ea54c42a475.jpg
1yazid-sofiane,2,Sofiane,Yazid,SHIFTECH X BROTHERS CUSTOM,BMW Série 3 E30,800,França,🇫🇷,"Oct 7, 1987",França,"cfd,pro",CFD,0,283,0,0,0,"Natural de França, Sofiane Yazid disputa a temporada 2026 do CFD ao comando de um BMW Série 3 E30. Representa a equipa SHIFTECH X BROTHERS CUSTOM na competição. Já terminou em 10º lugar da categoria ÉLITE em 2023. Na época 2026 leva o número 2 e já contabiliza 283 pontos.",https://www.instagram.com/brotherscustom37/,"[{""season"":2021,""standing"":0,""points"":473},{""season"":2022,""standing"":0,""points"":426},{""season"":2023,""standing"":0,""points"":506},{""season"":2024,""standing"":0,""points"":423},{""season"":2025,""standing"":0,""points"":701},{""season"":2026,""standing"":0,""points"":283}]",/uploads/drivers/1yazid-sofiane.jpg,true,Photo (c) Championnat de France de Drift - used with permission | source: https://admin.driftfrance.com/storage/uploads/2026/04/23/YAZID_2_uid_69ea5545b689d.jpg,https://admin.driftfrance.com/storage/uploads/2026/04/23/YAZID_2_uid_69ea5545b689d.jpg
esteban-jerome,93,Jerome,Esteban,,BMW Serie 1 E92,650,França,🇫🇷,,França,"cfd,pro",CFD,0,0,0,0,0,Jerome Esteban é piloto de drift natural de França e enfrenta a grelha do Championnat de France de Drift 2026 a bordo de um BMW Serie 1 E92. Corre com o número 93 nesta temporada.,https://www.instagram.com/jerome_esteban_/,"[{""season"":2021,""standing"":0,""points"":404},{""season"":2022,""standing"":0,""points"":497},{""season"":2023,""standing"":0,""points"":578},{""season"":2024,""standing"":0,""points"":389},{""season"":2026,""standing"":0,""points"":0}]",/uploads/drivers/esteban-jerome.webp,true,Photo (c) Championnat de France de Drift - used with permission | source: https://admin.driftfrance.com/storage/uploads/2024/05/23/8__uid_664f3756a1eb2.webp,https://admin.driftfrance.com/storage/uploads/2024/05/23/8__uid_664f3756a1eb2.webp
bourgoin-geraud,20,Géraud,Bourgoin,Team DSC Off,BMW Série 3 E30,530,França,🇫🇷,"Apr 5, 1979",França,"cfd,pro",CFD,0,61,0,0,0,"Com um BMW Série 3 E30 preparado para a pista, Géraud Bourgoin representa França na época 2026 do CFD. Corre pela equipa Team DSC Off. Corre com o número 20 e soma 61 pontos na presente época.",https://www.instagram.com/geraud_bourgoin/,"[{""season"":2021,""standing"":0,""points"":398},{""season"":2022,""standing"":0,""points"":517},{""season"":2023,""standing"":0,""points"":495},{""season"":2024,""standing"":0,""points"":141},{""season"":2025,""standing"":0,""points"":240},{""season"":2026,""standing"":0,""points"":61}]",/uploads/drivers/bourgoin-geraud.jpg,true,Photo (c) Championnat de France de Drift - used with permission | source: https://admin.driftfrance.com/storage/uploads/2026/04/23/BOURGOIN_20_uid_69ea5c7da38e8.jpg,https://admin.driftfrance.com/storage/uploads/2026/04/23/BOURGOIN_20_uid_69ea5c7da38e8.jpg
lavedan-hugo,29,Hugo,Lavedan,,BMW M3 E92,800,França,🇫🇷,"Oct 1, 1989",França,"cfd,pro",CFD,0,0,0,0,0,"Hugo Lavedan, de França, integra a grelha do CFD em 2026, ao volante de um BMW M3 E92. Já terminou em 12º lugar da categoria Elite em 2023. Corre com o número 29 nesta temporada.",https://www.instagram.com/hugo_lavedan/,"[{""season"":2021,""standing"":0,""points"":393},{""season"":2022,""standing"":0,""points"":27},{""season"":2023,""standing"":0,""points"":450},{""season"":2024,""standing"":0,""points"":280},{""season"":2025,""standing"":0,""points"":10},{""season"":2026,""standing"":0,""points"":0}]",/uploads/drivers/lavedan-hugo.webp,true,Photo (c) Championnat de France de Drift - used with permission | source: https://admin.driftfrance.com/storage/uploads/2025/12/16/CFD_Avatar_Pilotes_elite_lavedan_uid_6941382bea6fb.webp,https://admin.driftfrance.com/storage/uploads/2025/12/16/CFD_Avatar_Pilotes_elite_lavedan_uid_6941382bea6fb.webp
janin-jocelin,51,Jocelin,Janin,,BMW Série 3 E46,750,França,🇫🇷,"Oct 21, 1986",França,"cfd,pro",CFD,0,0,0,0,0,"Ao volante de um BMW Série 3 E46, Jocelin Janin representa França na temporada 2026 do Campeonato de França de Drift. Já terminou em 4º lugar da categoria Elite em 2024. Na época 2026 leva o número 51 na grelha.",https://www.instagram.com/jocelinjanin21m/,"[{""season"":2021,""standing"":0,""points"":348},{""season"":2022,""standing"":0,""points"":712},{""season"":2023,""standing"":0,""points"":223},{""season"":2024,""standing"":0,""points"":700},{""season"":2025,""standing"":0,""points"":580},{""season"":2026,""standing"":0,""points"":0}]",/uploads/drivers/janin-jocelin.webp,true,Photo (c) Championnat de France de Drift - used with permission | source: https://admin.driftfrance.com/storage/uploads/2025/05/20/4_J.-JANIN1_uid_682c71fd4620f.webp,https://admin.driftfrance.com/storage/uploads/2025/05/20/4_J.-JANIN1_uid_682c71fd4620f.webp
adam-frederic,13,Frédéric,Adam,,BMW Série 1 E82,1000,França,🇫🇷,"Oct 27, 1973",França,"cfd,pro",CFD,0,153,0,0,0,"Frédéric Adam, natural de França, compete no Campeonato de França de Drift (CFD) ao volante de um BMW Série 1 E82. Já terminou em 21º lugar da categoria Elite em 2024. Corre com o número 13 e soma 153 pontos na presente época.",https://www.instagram.com/fredericadamdrift/,"[{""season"":2021,""standing"":0,""points"":236},{""season"":2022,""standing"":0,""points"":308},{""season"":2023,""standing"":0,""points"":256},{""season"":2024,""standing"":0,""points"":265},{""season"":2025,""standing"":0,""points"":340},{""season"":2026,""standing"":0,""points"":153}]",/uploads/drivers/adam-frederic.jpg,true,Photo (c) Championnat de France de Drift - used with permission | source: https://admin.driftfrance.com/storage/uploads/2026/04/23/ADAM_13_uid_69ea58dcb0cf1.jpg,https://admin.driftfrance.com/storage/uploads/2026/04/23/ADAM_13_uid_69ea58dcb0cf1.jpg
jouard-nicolas,19,Nicolas,Jouard,SMOKE LEGENDS,BMW Série 3 E36 COMPACT,800,França,🇫🇷,"Mar 19, 1973",França,"cfd,pro",CFD,0,221,0,0,0,"Natural de França, Nicolas Jouard disputa a temporada 2026 do CFD ao comando de um BMW Série 3 E36 COMPACT. Representa a equipa SMOKE LEGENDS na competição. Já terminou em 15º lugar da categoria Pro em 2023. Na época 2026 leva o número 19 e já contabiliza 221 pontos.",,"[{""season"":2021,""standing"":0,""points"":165},{""season"":2022,""standing"":0,""points"":385},{""season"":2023,""standing"":0,""points"":384},{""season"":2024,""standing"":0,""points"":248},{""season"":2025,""standing"":0,""points"":245},{""season"":2026,""standing"":0,""points"":221}]",/uploads/drivers/jouard-nicolas.jpg,true,Photo (c) Championnat de France de Drift - used with permission | source: https://admin.driftfrance.com/storage/uploads/2026/04/23/JOUARD-20_uid_69ea5c65c43dc.jpg,https://admin.driftfrance.com/storage/uploads/2026/04/23/JOUARD-20_uid_69ea5c65c43dc.jpg
meunier-david,32,David,Meunier,,Nissan S14,800,França,🇫🇷,"Feb 26, 1982",França,"cfd,pro",CFD,0,149,0,0,0,"David Meunier é piloto de drift natural de França e enfrenta a grelha do Championnat de France de Drift 2026 a bordo de um Nissan S14. Já terminou em 5º lugar da categoria Elite em 2018. Em 2026 compete com o dorsal 32, somando 149 pontos até ao momento.",https://www.instagram.com/david_meunier_drift_driver/,"[{""season"":2021,""standing"":0,""points"":145},{""season"":2022,""standing"":0,""points"":6},{""season"":2023,""standing"":0,""points"":186},{""season"":2024,""standing"":0,""points"":336},{""season"":2025,""standing"":0,""points"":570},{""season"":2026,""standing"":0,""points"":149}]",/uploads/drivers/meunier-david.jpg,true,Photo (c) Championnat de France de Drift - used with permission | source: https://admin.driftfrance.com/storage/uploads/2026/04/23/MEUNIER_32_uid_69ea5e9767259.jpg,https://admin.driftfrance.com/storage/uploads/2026/04/23/MEUNIER_32_uid_69ea5e9767259.jpg
nikitin-laurent,15,Laurent,Nikitin,SMOKE LEGENDS,Nissan S15,1100,França,🇫🇷,"Feb 5, 1984",França,"cfd,pro",CFD,0,259,0,0,0,"Com um Nissan S15 preparado para a pista, Laurent Nikitin representa França na época 2026 do CFD. Corre pela equipa SMOKE LEGENDS. Já terminou em 5º lugar da categoria Elite em 2024. Corre com o número 15 e soma 259 pontos na presente época.",https://www.instagram.com/laurentnikitin/,"[{""season"":2021,""standing"":0,""points"":125},{""season"":2022,""standing"":0,""points"":166},{""season"":2023,""standing"":0,""points"":326},{""season"":2024,""standing"":0,""points"":594},{""season"":2025,""standing"":0,""points"":330},{""season"":2026,""standing"":0,""points"":259}]",/uploads/drivers/nikitin-laurent.jpg,true,Photo (c) Championnat de France de Drift - used with permission | source: https://admin.driftfrance.com/storage/uploads/2026/04/23/NIKITIN_15_uid_69ea5ae9337a6.jpg,https://admin.driftfrance.com/storage/uploads/2026/04/23/NIKITIN_15_uid_69ea5ae9337a6.jpg
houivet-frederic,18,Fred,Houivet,,Nissan SKYLINE R32,600,França,🇫🇷,"Oct 9, 1989",França,"cfd,pro",CFD,0,186,0,0,0,"Fred Houivet, de França, integra a grelha do CFD em 2026, ao volante de um Nissan SKYLINE R32. Já terminou em 18º lugar da categoria Elite em 2024. Na época 2026 leva o número 18 e já contabiliza 186 pontos.",https://www.instagram.com/fred_houivet/,"[{""season"":2021,""standing"":0,""points"":365},{""season"":2022,""standing"":0,""points"":189},{""season"":2023,""standing"":0,""points"":334},{""season"":2024,""standing"":0,""points"":294},{""season"":2025,""standing"":0,""points"":250},{""season"":2026,""standing"":0,""points"":186}]",/uploads/drivers/houivet-frederic.jpg,true,Photo (c) Championnat de France de Drift - used with permission | source: https://admin.driftfrance.com/storage/uploads/2026/04/23/HOUIVET_18_uid_69ea5bcf62f08.jpg,https://admin.driftfrance.com/storage/uploads/2026/04/23/HOUIVET_18_uid_69ea5bcf62f08.jpg
guerin-steve,171,Steve,Guerin,,BMW Série 3 E46,343,França,🇫🇷,,França,"cfd,pro",CFD,0,61,0,0,0,"Ao volante de um BMW Série 3 E46, Steve Guerin representa França na temporada 2026 do Campeonato de França de Drift. Em 2026 compete com o dorsal 171, somando 61 pontos até ao momento.",https://www.instagram.com/initialdrift_steveguerin/,"[{""season"":2021,""standing"":0,""points"":340},{""season"":2022,""standing"":0,""points"":85},{""season"":2023,""standing"":0,""points"":10},{""season"":2025,""standing"":0,""points"":200},{""season"":2026,""standing"":0,""points"":61}]",/uploads/drivers/guerin-steve.png,true,Photo (c) Championnat de France de Drift - used with permission | source: https://admin.driftfrance.com/storage/uploads/2022/07/07/Guerin_uid_626ec0ba81d14_uid_62c6c866e0d7a.png,https://admin.driftfrance.com/storage/uploads/2022/07/07/Guerin_uid_626ec0ba81d14_uid_62c6c866e0d7a.png
fourel-jaime,12,Jaime,Fourel,FOUREL RACING,BMW Série 2 F22,800,França,🇫🇷,"Nov 22, 1997",França,"cfd,pro",CFD,0,214,0,0,0,"Jaime Fourel, natural de França, compete no Campeonato de França de Drift (CFD) ao volante de um BMW Série 2 F22. Corre pela equipa FOUREL RACING. Já terminou em 8º lugar da categoria Elite em 2024. Corre com o número 12 e soma 214 pontos na presente época.",https://www.instagram.com/jaime_fourel/,"[{""season"":2021,""standing"":0,""points"":339},{""season"":2022,""standing"":0,""points"":223},{""season"":2023,""standing"":0,""points"":266},{""season"":2024,""standing"":0,""points"":461},{""season"":2025,""standing"":0,""points"":340},{""season"":2026,""standing"":0,""points"":214}]",/uploads/drivers/fourel-jaime.jpg,true,Photo (c) Championnat de France de Drift - used with permission | source: https://admin.driftfrance.com/storage/uploads/2026/04/23/J_FOUREL_12_uid_69ea572467e41.jpg,https://admin.driftfrance.com/storage/uploads/2026/04/23/J_FOUREL_12_uid_69ea572467e41.jpg
gleyo-guillaume,25,Guillaume,Gleyo,DRIFT'EURE TEAM,Nissan R33,600,França,🇫🇷,"Sep 25, 1990",França,"cfd,pro",CFD,0,313,0,0,0,"Natural de França, Guillaume Gleyo disputa a temporada 2026 do CFD ao comando de um Nissan R33. Representa a equipa DRIFT'EURE TEAM na competição. Já terminou em 2º lugar da categoria Pro em 2022. Na época 2026 leva o número 25 e já contabiliza 313 pontos.",https://www.instagram.com/guyguystunt/?hl=fr,"[{""season"":2021,""standing"":0,""points"":243},{""season"":2022,""standing"":0,""points"":392},{""season"":2023,""standing"":0,""points"":242},{""season"":2024,""standing"":0,""points"":400},{""season"":2025,""standing"":0,""points"":170},{""season"":2026,""standing"":0,""points"":313}]",/uploads/drivers/gleyo-guillaume.jpg,true,Photo (c) Championnat de France de Drift - used with permission | source: https://admin.driftfrance.com/storage/uploads/2026/04/23/GLEYO_25_uid_69ea5d489fec7.jpg,https://admin.driftfrance.com/storage/uploads/2026/04/23/GLEYO_25_uid_69ea5d489fec7.jpg
frechet-damien,7,Damien,Frechet,GÉNÉRATION DRIFT,BMW BMW E92,1000,França,🇫🇷,"Jan 6, 1980",França,"cfd,pro",CFD,0,349,0,0,0,"Damien Frechet é piloto de drift natural de França e enfrenta a grelha do Championnat de France de Drift 2026 a bordo de um BMW BMW E92. Veste as cores da GÉNÉRATION DRIFT. Já terminou em 9º lugar da categoria Elite em 2023. Em 2026 compete com o dorsal 7, somando 349 pontos até ao momento.",https://www.instagram.com/frechet.damien/?hl=fr,"[{""season"":2021,""standing"":0,""points"":238},{""season"":2022,""standing"":0,""points"":304},{""season"":2023,""standing"":0,""points"":521},{""season"":2024,""standing"":0,""points"":155},{""season"":2025,""standing"":0,""points"":520},{""season"":2026,""standing"":0,""points"":349}]",/uploads/drivers/frechet-damien.jpg,true,Photo (c) Championnat de France de Drift - used with permission | source: https://admin.driftfrance.com/storage/uploads/2026/04/23/FRECHET_7_uid_69ea5900b4121.jpg,https://admin.driftfrance.com/storage/uploads/2026/04/23/FRECHET_7_uid_69ea5900b4121.jpg
kaynak-dylan,37,Dylan,Kaynak,,BMW Série 3 E46,550,França,🇫🇷,"Oct 30, 1993",França,"cfd,pro",CFD,0,0,0,0,0,"Com um BMW Série 3 E46 preparado para a pista, Dylan Kaynak representa França na época 2026 do CFD. Já terminou em 4º lugar da categoria Pro em 2024. Na época 2026 leva o número 37 na grelha.",https://www.instagram.com/dylandriftkd/,"[{""season"":2021,""standing"":0,""points"":181},{""season"":2022,""standing"":0,""points"":230},{""season"":2024,""standing"":0,""points"":636},{""season"":2025,""standing"":0,""points"":460},{""season"":2026,""standing"":0,""points"":0}]",/uploads/drivers/kaynak-dylan.webp,true,Photo (c) Championnat de France de Drift - used with permission | source: https://admin.driftfrance.com/storage/uploads/2025/12/16/CFD_Avatar_Pilotes_elite_kaynak_uid_6941413a1012e.webp,https://admin.driftfrance.com/storage/uploads/2025/12/16/CFD_Avatar_Pilotes_elite_kaynak_uid_6941413a1012e.webp
fourel-lou,5,Lou,Fourel,FOUREL RACING,BMW Série 3 E92,800,França,🇫🇷,"Jan 25, 2002",França,"cfd,pro",CFD,0,292,0,0,0,"Lou Fourel, de França, integra a grelha do CFD em 2026, ao volante de um BMW Série 3 E92. Representa a equipa FOUREL RACING na competição. Já terminou em 11º lugar da categoria ÉLITE em 2024. Na época 2026 leva o número 5 e já contabiliza 292 pontos.",https://www.instagram.com/lou_fourel/,"[{""season"":2021,""standing"":0,""points"":163},{""season"":2022,""standing"":0,""points"":295},{""season"":2023,""standing"":0,""points"":282},{""season"":2024,""standing"":0,""points"":434},{""season"":2025,""standing"":0,""points"":600},{""season"":2026,""standing"":0,""points"":292}]",/uploads/drivers/fourel-lou.jpg,true,Photo (c) Championnat de France de Drift - used with permission | source: https://admin.driftfrance.com/storage/uploads/2026/04/23/L.FOUREL_5_uid_69ea55b72d8da.jpg,https://admin.driftfrance.com/storage/uploads/2026/04/23/L.FOUREL_5_uid_69ea55b72d8da.jpg
russeil-laurent,172,Laurent,Russeil,,Mazda RX8,600,França,🇫🇷,"Nov 20, 1968",França,"cfd,pro",CFD,0,69,0,0,0,"Ao volante de um Mazda RX8, Laurent Russeil representa França na temporada 2026 do Campeonato de França de Drift. Já terminou em 7º lugar da categoria Elite em 2017. Em 2026 compete com o dorsal 172, somando 69 pontos até ao momento.",https://www.instagram.com/laurent_russeil_drift_pilot/,"[{""season"":2021,""standing"":0,""points"":98},{""season"":2022,""standing"":0,""points"":92},{""season"":2024,""standing"":0,""points"":5},{""season"":2025,""standing"":0,""points"":350},{""season"":2026,""standing"":0,""points"":69}]",/uploads/drivers/russeil-laurent.png,true,Photo (c) Championnat de France de Drift - used with permission | source: https://admin.driftfrance.com/storage/uploads/2026/04/27/RUSSEIL_172_uid_69ef860ace5f7.png,https://admin.driftfrance.com/storage/uploads/2026/04/27/RUSSEIL_172_uid_69ef860ace5f7.png
ferreira-philippe,21,Philippe,Ferreira,PF MOTORSPORT,BMW Série 3 E46,800,França,🇫🇷,"Dec 14, 1977",França,"cfd,pro",CFD,0,142,0,0,0,"Philippe Ferreira, natural de França, compete no Campeonato de França de Drift (CFD) ao volante de um BMW Série 3 E46. Corre pela equipa PF MOTORSPORT. Já terminou em 10º lugar da categoria Elite em 2017. Corre com o número 21 e soma 142 pontos na presente época.",,"[{""season"":2021,""standing"":0,""points"":93},{""season"":2022,""standing"":0,""points"":96},{""season"":2023,""standing"":0,""points"":50},{""season"":2024,""standing"":0,""points"":196},{""season"":2025,""standing"":0,""points"":240},{""season"":2026,""standing"":0,""points"":142}]",/uploads/drivers/ferreira-philippe.jpg,true,Photo (c) Championnat de France de Drift - used with permission | source: https://admin.driftfrance.com/storage/uploads/2026/04/23/FERREIRA_21_uid_69ea593bb7004.jpg,https://admin.driftfrance.com/storage/uploads/2026/04/23/FERREIRA_21_uid_69ea593bb7004.jpg
girard-eric,63,Eric,Girard,,BMW Série 3 E46,700,França,🇫🇷,"Apr 1, 1974",França,"cfd,pro",CFD,0,0,0,0,0,"Natural de França, Eric Girard disputa a temporada 2026 do CFD ao comando de um BMW Série 3 E46. Já terminou em 12º lugar da categoria Pro em 2024. Na época 2026 leva o número 63 na grelha.",https://www.instagram.com/ericgirard_drift/,"[{""season"":2021,""standing"":0,""points"":60},{""season"":2022,""standing"":0,""points"":60},{""season"":2023,""standing"":0,""points"":147},{""season"":2024,""standing"":0,""points"":425},{""season"":2025,""standing"":0,""points"":840},{""season"":2026,""standing"":0,""points"":0}]",/uploads/drivers/girard-eric.webp,true,Photo (c) Championnat de France de Drift - used with permission | source: https://admin.driftfrance.com/storage/uploads/2025/05/23/112_E.-GIRARD1_uid_6830832d2e8bb.webp,https://admin.driftfrance.com/storage/uploads/2025/05/23/112_E.-GIRARD1_uid_6830832d2e8bb.webp
lapelosa-jordan,60,Jordan,Lapelosa,,BMW Série 3 E30 Touring,530,França,🇫🇷,"Jul 25, 1992",França,"cfd,pro",CFD,0,89,0,0,0,"Jordan Lapelosa é piloto de drift natural de França e enfrenta a grelha do Championnat de France de Drift 2026 a bordo de um BMW Série 3 E30 Touring. Já terminou em 17º lugar da categoria Elite em 2023. Em 2026 compete com o dorsal 60, somando 89 pontos até ao momento.",https://www.instagram.com/jl_psr/?hl=fr,"[{""season"":2021,""standing"":0,""points"":20},{""season"":2022,""standing"":0,""points"":255},{""season"":2023,""standing"":0,""points"":365},{""season"":2024,""standing"":0,""points"":197},{""season"":2025,""standing"":0,""points"":180},{""season"":2026,""standing"":0,""points"":89}]",/uploads/drivers/lapelosa-jordan.png,true,Photo (c) Championnat de France de Drift - used with permission | source: https://admin.driftfrance.com/storage/uploads/2026/05/23/6-carr_uid_6a11812bf0e3e.png,https://admin.driftfrance.com/storage/uploads/2026/05/23/6-carr_uid_6a11812bf0e3e.png
pesle-william,114,William,Pesle,,Nissan S13,500,França,🇫🇷,,França,"cfd,pro",CFD,0,0,0,0,0,"Com um Nissan S13 preparado para a pista, William Pesle representa França na época 2026 do CFD. Na época 2026 leva o número 114 na grelha.",https://www.instagram.com/william_pesle/?fbclid=IwAR0y7O_TZzWOhcdzwjeD-5Uk6eKaos-I9sO5oRvvXN9bY0NPUUqKOJEKIss,"[{""season"":2022,""standing"":0,""points"":93},{""season"":2024,""standing"":0,""points"":714},{""season"":2025,""standing"":0,""points"":40},{""season"":2026,""standing"":0,""points"":0}]",/uploads/drivers/pesle-william.webp,true,Photo (c) Championnat de France de Drift - used with permission | source: https://admin.driftfrance.com/storage/uploads/2025/12/16/CFD_Avatar_Pilotes_pro-pesle_uid_69416ed2baf58.webp,https://admin.driftfrance.com/storage/uploads/2025/12/16/CFD_Avatar_Pilotes_pro-pesle_uid_69416ed2baf58.webp
rinsoz-steve,130,Steve,Rinsoz,,BMW Série 3 E30,640,França,🇫🇷,"Oct 11, 1989",França,"cfd,pro",CFD,0,0,0,0,0,"Steve Rinsoz, de França, integra a grelha do CFD em 2026, ao volante de um BMW Série 3 E30. Corre com o número 130 nesta temporada.",https://www.instagram.com/rinsozdrift/?hl=fr,"[{""season"":2022,""standing"":0,""points"":30},{""season"":2023,""standing"":0,""points"":5},{""season"":2024,""standing"":0,""points"":5},{""season"":2025,""standing"":0,""points"":120},{""season"":2026,""standing"":0,""points"":0}]",/uploads/drivers/rinsoz-steve.webp,true,Photo (c) Championnat de France de Drift - used with permission | source: https://admin.driftfrance.com/storage/uploads/2025/05/23/131_S.-RINSOZ1_uid_68308b61c4b25.webp,https://admin.driftfrance.com/storage/uploads/2025/05/23/131_S.-RINSOZ1_uid_68308b61c4b25.webp
berton-benoit,103,Benoit,Berton,,Toyota Supra Mk4,600,França,🇫🇷,"Jan 5, 1985",França,"cfd,pro",CFD,0,300,0,0,0,"Ao volante de um Toyota Supra Mk4, Benoit Berton representa França na temporada 2026 do Campeonato de França de Drift. Já terminou em 18º lugar da categoria Pro em 2024. Em 2026 compete com o dorsal 103, somando 300 pontos até ao momento.",https://www.instagram.com/atc.drift/,"[{""season"":2022,""standing"":0,""points"":60},{""season"":2024,""standing"":0,""points"":270},{""season"":2025,""standing"":0,""points"":380},{""season"":2026,""standing"":0,""points"":300}]",/uploads/drivers/berton-benoit.png,true,Photo (c) Championnat de France de Drift - used with permission | source: https://admin.driftfrance.com/storage/uploads/2026/04/27/BERTON_103_uid_69ef81fae36a6.png,https://admin.driftfrance.com/storage/uploads/2026/04/27/BERTON_103_uid_69ef81fae36a6.png
ramos-boris,110,Boris,Ramos,E30 CLASSIC LEGEND,BMW E36,550,França,🇫🇷,"Feb 27, 1998",França,"cfd,pro",CFD,0,297,0,0,0,"Boris Ramos, natural de França, compete no Campeonato de França de Drift (CFD) ao volante de um BMW E36. Corre pela equipa E30 CLASSIC LEGEND. Já terminou em 14º lugar da categoria Pro em 2024. Corre com o número 110 e soma 297 pontos na presente época.",https://www.instagram.com/boris_ramos_drift/,"[{""season"":2022,""standing"":0,""points"":20},{""season"":2024,""standing"":0,""points"":369},{""season"":2025,""standing"":0,""points"":250},{""season"":2026,""standing"":0,""points"":297}]",/uploads/drivers/ramos-boris.png,true,Photo (c) Championnat de France de Drift - used with permission | source: https://admin.driftfrance.com/storage/uploads/2026/04/27/RAMOS_110_uid_69ef841ba8f4e.png,https://admin.driftfrance.com/storage/uploads/2026/04/27/RAMOS_110_uid_69ef841ba8f4e.png
andrieux-remi,14,Remi,Andrieux,,Nissan S15,400,França,🇫🇷,"Sep 12, 1995",França,"cfd,pro",CFD,0,322,0,0,0,"Natural de França, Remi Andrieux disputa a temporada 2026 do CFD ao comando de um Nissan S15. Já terminou em 22º lugar da categoria Elite em 2023. Na época 2026 leva o número 14 e já contabiliza 322 pontos.",https://www.instagram.com/remiandrieux/,"[{""season"":2022,""standing"":0,""points"":10},{""season"":2023,""standing"":0,""points"":297},{""season"":2024,""standing"":0,""points"":187},{""season"":2025,""standing"":0,""points"":340},{""season"":2026,""standing"":0,""points"":322}]",/uploads/drivers/andrieux-remi.jpg,true,Photo (c) Championnat de France de Drift - used with permission | source: https://admin.driftfrance.com/storage/uploads/2026/04/23/ANDRIEUX_14_uid_69ea5a7f56084.jpg,https://admin.driftfrance.com/storage/uploads/2026/04/23/ANDRIEUX_14_uid_69ea5a7f56084.jpg
delagrainge-wilson,24,Wilson,Delagrainge,,Toyota GT86,750,França,🇫🇷,"Nov 11, 1994",França,"cfd,pro",CFD,0,185,0,0,0,"Wilson Delagrainge é piloto de drift natural de França e enfrenta a grelha do Championnat de France de Drift 2026 a bordo de um Toyota GT86. Já terminou em 1º lugar da categoria Loisir em 2022. Em 2026 compete com o dorsal 24, somando 185 pontos até ao momento.",https://www.instagram.com/wil.dlg/,"[{""season"":2022,""standing"":0,""points"":455},{""season"":2023,""standing"":0,""points"":322},{""season"":2024,""standing"":0,""points"":75},{""season"":2025,""standing"":0,""points"":205},{""season"":2026,""standing"":0,""points"":185}]",/uploads/drivers/delagrainge-wilson.jpg,true,Photo (c) Championnat de France de Drift - used with permission | source: https://admin.driftfrance.com/storage/uploads/2026/04/23/DELAGRAINGE_24_uid_69ea5c9c7fcf6.jpg,https://admin.driftfrance.com/storage/uploads/2026/04/23/DELAGRAINGE_24_uid_69ea5c9c7fcf6.jpg
ferreira-vincent,8,Vincent,Ferreira,,BMW Série 3 E46,525,França,🇫🇷,"Sep 15, 1990",França,"cfd,pro",CFD,0,150,0,0,0,"Com um BMW Série 3 E46 preparado para a pista, Vincent Ferreira representa França na época 2026 do CFD. Já terminou em 3º lugar da categoria Pro em 2024. Corre com o número 8 e soma 150 pontos na presente época.",https://www.instagram.com/sempre_em_drift/,"[{""season"":2021,""standing"":0,""points"":180},{""season"":2022,""standing"":0,""points"":380},{""season"":2023,""standing"":0,""points"":264},{""season"":2024,""standing"":0,""points"":660},{""season"":2025,""standing"":0,""points"":420},{""season"":2026,""standing"":0,""points"":150}]",/uploads/drivers/ferreira-vincent.jpg,true,Photo (c) Championnat de France de Drift - used with permission | source: https://admin.driftfrance.com/storage/uploads/2026/04/23/FERREIRA_8_uid_69ea59285cb40.jpg,https://admin.driftfrance.com/storage/uploads/2026/04/23/FERREIRA_8_uid_69ea59285cb40.jpg
nezondet-sylvain,106,Sylvain,Nezondet,,Nissan S15,450,França,🇫🇷,"Jun 14, 1987",França,"cfd,pro",CFD,0,126,0,0,0,"Sylvain Nezondet, de França, integra a grelha do CFD em 2026, ao volante de um Nissan S15. Já terminou em 7º lugar da categoria Pro em 2023. Na época 2026 leva o número 106 e já contabiliza 126 pontos.",https://www.instagram.com/Sylvainnezondet/,"[{""season"":2022,""standing"":0,""points"":390},{""season"":2023,""standing"":0,""points"":281},{""season"":2024,""standing"":0,""points"":55},{""season"":2025,""standing"":0,""points"":360},{""season"":2026,""standing"":0,""points"":126}]",/uploads/drivers/nezondet-sylvain.png,true,Photo (c) Championnat de France de Drift - used with permission | source: https://admin.driftfrance.com/storage/uploads/2026/04/27/NEZONDET_106_uid_69ef82b09bbf5.png,https://admin.driftfrance.com/storage/uploads/2026/04/27/NEZONDET_106_uid_69ef82b09bbf5.png
ricardo-ribeiro,34,Ricardo,Ribeiro,PF MOTORSPORT,BMW Série 3 E46,600,Portugal,🇵🇹,"May 21, 1986",Portugal,"cfd,pro",CFD,0,263,0,0,0,"Ao volante de um BMW Série 3 E46, Ricardo Ribeiro representa Portugal na temporada 2026 do Campeonato de França de Drift. Veste as cores da PF MOTORSPORT. Já terminou em 15º lugar da categoria Pro em 2024. Em 2026 compete com o dorsal 34, somando 263 pontos até ao momento.",,"[{""season"":2022,""standing"":0,""points"":10},{""season"":2024,""standing"":0,""points"":367},{""season"":2025,""standing"":0,""points"":540},{""season"":2026,""standing"":0,""points"":263}]",/uploads/drivers/ricardo-ribeiro.jpg,true,Photo (c) Championnat de France de Drift - used with permission | source: https://admin.driftfrance.com/storage/uploads/2026/04/23/RIBEIRO_34_uid_69ea5ebc9ef66.jpg,https://admin.driftfrance.com/storage/uploads/2026/04/23/RIBEIRO_34_uid_69ea5ebc9ef66.jpg
molle-jeremy,133,Jérémy,Molle,,Audi S4,450,França,🇫🇷,"Nov 10, 1980",França,"cfd,pro",CFD,0,52,0,0,0,"Jérémy Molle, natural de França, compete no Campeonato de França de Drift (CFD) ao volante de um Audi S4. Já terminou em 6º lugar da categoria Loisir em 2022. Corre com o número 133 e soma 52 pontos na presente época.",https://www.instagram.com/jerems4drift/,"[{""season"":2022,""standing"":0,""points"":240},{""season"":2023,""standing"":0,""points"":245},{""season"":2024,""standing"":0,""points"":0},{""season"":2025,""standing"":0,""points"":25},{""season"":2026,""standing"":0,""points"":52}]",/uploads/drivers/molle-jeremy.png,true,Photo (c) Championnat de France de Drift - used with permission | source: https://admin.driftfrance.com/storage/uploads/2026/04/27/MOLLE-133_uid_69ef8634c6b03.png,https://admin.driftfrance.com/storage/uploads/2026/04/27/MOLLE-133_uid_69ef8634c6b03.png
jahan-abdul-karim,41,Abdul Karim,Jahan,,BMW Série 1,850,Suíça,🇨🇭,"Mar 28, 2003",Suíça,"cfd,pro",CFD,0,64,0,0,0,"Natural de Suíça, Abdul Karim Jahan disputa a temporada 2026 do CFD ao comando de um BMW Série 1. Já terminou em 26º lugar da categoria Elite em 2024. Na época 2026 leva o número 41 e já contabiliza 64 pontos.",https://www.instagram.com/kj_drift/,"[{""season"":2022,""standing"":0,""points"":145},{""season"":2023,""standing"":0,""points"":251},{""season"":2024,""standing"":0,""points"":244},{""season"":2025,""standing"":0,""points"":300},{""season"":2026,""standing"":0,""points"":64}]",/uploads/drivers/jahan-abdul-karim.jpg,true,Photo (c) Championnat de France de Drift - used with permission | source: https://admin.driftfrance.com/storage/uploads/2026/04/24/JAHAN_41_uid_69eb2522c4791.jpg,https://admin.driftfrance.com/storage/uploads/2026/04/24/JAHAN_41_uid_69eb2522c4791.jpg
stanislas-bonnin,28,Stanislas,Bonnin,,BMW Série 5,0,França,🇫🇷,,França,"cfd,pro",CFD,0,0,0,0,0,Stanislas Bonnin é piloto de drift natural de França e enfrenta a grelha do Championnat de France de Drift 2026 a bordo de um BMW Série 5. Corre com o número 28 nesta temporada.,,"[{""season"":2022,""standing"":0,""points"":10},{""season"":2023,""standing"":0,""points"":101},{""season"":2025,""standing"":0,""points"":40},{""season"":2026,""standing"":0,""points"":0}]",/uploads/drivers/stanislas-bonnin.webp,true,Photo (c) Championnat de France de Drift - used with permission | source: https://admin.driftfrance.com/storage/uploads/2025/12/16/CFD_Avatar_Pilotes_elite_bonnin_uid_694137b7022e8.webp,https://admin.driftfrance.com/storage/uploads/2025/12/16/CFD_Avatar_Pilotes_elite_bonnin_uid_694137b7022e8.webp
jonathan-deszcz,90,Jonathan,Deszcz,,BMW E36,0,França,🇫🇷,,França,"cfd,pro",CFD,0,0,0,0,0,"Com um BMW E36 preparado para a pista, Jonathan Deszcz representa França na época 2026 do CFD. Na época 2026 leva o número 90 na grelha.",,"[{""season"":2022,""standing"":0,""points"":10},{""season"":2023,""standing"":0,""points"":10},{""season"":2025,""standing"":0,""points"":60},{""season"":2026,""standing"":0,""points"":0}]",/uploads/drivers/jonathan-deszcz.png,true,Photo (c) Championnat de France de Drift - used with permission | source: https://admin.driftfrance.com/storage/uploads/2022/11/08/Deszcz_uid_636a423657a82.png,https://admin.driftfrance.com/storage/uploads/2022/11/08/Deszcz_uid_636a423657a82.png
enzo-surace,30,Enzo,Surace,,BMW E30,680,França,🇫🇷,,França,"cfd,pro",CFD,0,266,0,0,0,"Enzo Surace, de França, integra a grelha do CFD em 2026, ao volante de um BMW E30. Na época 2026 leva o número 30 e já contabiliza 266 pontos.",,"[{""season"":2022,""standing"":0,""points"":90},{""season"":2023,""standing"":0,""points"":182},{""season"":2024,""standing"":0,""points"":460},{""season"":2026,""standing"":0,""points"":266}]",/uploads/drivers/enzo-surace.jpg,true,Photo (c) Championnat de France de Drift - used with permission | source: https://admin.driftfrance.com/storage/uploads/2026/04/23/EN_SURACE_30_uid_69ea5e02aacd4.jpg,https://admin.driftfrance.com/storage/uploads/2026/04/23/EN_SURACE_30_uid_69ea5e02aacd4.jpg
steve-leiber,6,Steve,Leiber,,Nissan S15,1000,França,🇫🇷,"Jun 13, 1984",França,"cfd,pro",CFD,0,0,0,0,0,"Ao volante de um Nissan S15, Steve Leiber representa França na temporada 2026 do Campeonato de França de Drift. Já terminou em 1º lugar da categoria Pro em 2023. Na época 2026 leva o número 6 na grelha.",,"[{""season"":2021,""standing"":0,""points"":504},{""season"":2023,""standing"":0,""points"":607},{""season"":2024,""standing"":0,""points"":458},{""season"":2025,""standing"":0,""points"":530},{""season"":2026,""standing"":0,""points"":0}]",/uploads/drivers/steve-leiber.webp,true,Photo (c) Championnat de France de Drift - used with permission | source: https://admin.driftfrance.com/storage/uploads/2025/12/16/CFD_Avatar_Pilotes_elite_leiber_uid_69411c4e224df.webp,https://admin.driftfrance.com/storage/uploads/2025/12/16/CFD_Avatar_Pilotes_elite_leiber_uid_69411c4e224df.webp
pascal-lia,101,Pascal,Lia,SHIFTECH PRO X BROTHERS CUSTOM,BMW Série 1,550,França,🇫🇷,"Nov 30, 1990",França,"cfd,pro",CFD,0,450,0,0,0,"Pascal Lia, natural de França, compete no Campeonato de França de Drift (CFD) ao volante de um BMW Série 1. Corre pela equipa SHIFTECH PRO X BROTHERS CUSTOM. Já terminou em 5º lugar da categoria Pro em 2024. Corre com o número 101 e soma 450 pontos na presente época.",,"[{""season"":2021,""standing"":0,""points"":358},{""season"":2024,""standing"":0,""points"":633},{""season"":2025,""standing"":0,""points"":540},{""season"":2026,""standing"":0,""points"":450}]",/uploads/drivers/pascal-lia.png,true,Photo (c) Championnat de France de Drift - used with permission | source: https://admin.driftfrance.com/storage/uploads/2026/04/27/LIA_101_uid_69ef7ff046bb6.png,https://admin.driftfrance.com/storage/uploads/2026/04/27/LIA_101_uid_69ef7ff046bb6.png
benoit-vavasseur,4,Benoit,Vavasseur,TEAM STARFOBAR,BMW Série 1,1000,França,🇫🇷,"Jun 7, 1989",França,"cfd,pro",CFD,0,265,0,0,0,"Natural de França, Benoit Vavasseur disputa a temporada 2026 do CFD ao comando de um BMW Série 1. Representa a equipa TEAM STARFOBAR na competição. Já terminou em 14º lugar da categoria Elite em 2024. Na época 2026 leva o número 4 e já contabiliza 265 pontos.",,"[{""season"":2023,""standing"":0,""points"":139},{""season"":2024,""standing"":0,""points"":347},{""season"":2025,""standing"":0,""points"":600},{""season"":2026,""standing"":0,""points"":156}]",/uploads/drivers/benoit-vavasseur.jpg,true,Photo (c) Championnat de France de Drift - used with permission | source: https://admin.driftfrance.com/storage/uploads/2026/04/23/VAVASSEUR_4_uid_69ea5579525c1.jpg,https://admin.driftfrance.com/storage/uploads/2026/04/23/VAVASSEUR_4_uid_69ea5579525c1.jpg
gaelle-mayet,111,Gaëlle,Mayet,TEAM XPEL PRO,Nissan S13,600,França,🇫🇷,"Jul 2, 1996",França,"cfd,pro",CFD,0,0,0,0,0,Gaëlle Mayet é piloto de drift natural de França e enfrenta a grelha do Championnat de France de Drift 2026 a bordo de um Nissan S13. Veste as cores da TEAM XPEL PRO. Já terminou em 7º lugar da categoria Loisir em 2024. Corre com o número 111 nesta temporada.,,"[{""season"":2023,""standing"":0,""points"":25},{""season"":2024,""standing"":0,""points"":205},{""season"":2025,""standing"":0,""points"":220},{""season"":2026,""standing"":0,""points"":0}]",/uploads/drivers/gaelle-mayet.webp,true,Photo (c) Championnat de France de Drift - used with permission | source: https://admin.driftfrance.com/storage/uploads/2025/12/16/CFD_Avatar_Pilotes_pro-mayet_uid_69417834e15ae.webp,https://admin.driftfrance.com/storage/uploads/2025/12/16/CFD_Avatar_Pilotes_pro-mayet_uid_69417834e15ae.webp
boulbes-benjamin,10,Benjamin,Boulbes,EXTREM DRIFT TEAM,BMW Série 1,1200,França,🇫🇷,"May 4, 1983",França,"cfd,pro",CFD,0,39,0,0,0,"Com um BMW Série 1 preparado para a pista, Benjamin Boulbes representa França na época 2026 do CFD. Corre pela equipa EXTREM DRIFT TEAM. Já terminou em 1º lugar da categoria Elite em 2020. Corre com o número 10 e soma 39 pontos na presente época.",https://www.instagram.com/benjamin_boulbes/,"[{""season"":2021,""standing"":0,""points"":552},{""season"":2022,""standing"":0,""points"":485},{""season"":2024,""standing"":0,""points"":265},{""season"":2025,""standing"":0,""points"":400},{""season"":2026,""standing"":0,""points"":39}]",/uploads/drivers/boulbes-benjamin.jpg,true,Photo (c) Championnat de France de Drift - used with permission | source: https://admin.driftfrance.com/storage/uploads/2026/04/23/BOULBES_10_uid_69ea591445f77.jpg,https://admin.driftfrance.com/storage/uploads/2026/04/23/BOULBES_10_uid_69ea591445f77.jpg
stuart-egdell,16,Stuart,Egdell,,NISSAN S14,650,Reino Unido,🇬🇧,,Reino Unido,"cfd,pro",CFD,0,116,0,0,0,"Stuart Egdell, de Reino Unido, integra a grelha do CFD em 2026, ao volante de um NISSAN S14. Já terminou em 33º lugar da categoria Elite em 2024. Na época 2026 leva o número 16 e já contabiliza 116 pontos.",,"[{""season"":2023,""standing"":0,""points"":58},{""season"":2024,""standing"":0,""points"":148},{""season"":2025,""standing"":0,""points"":280},{""season"":2026,""standing"":0,""points"":116}]",/uploads/drivers/stuart-egdell.jpg,true,Photo (c) Championnat de France de Drift - used with permission | source: https://admin.driftfrance.com/storage/uploads/2026/04/23/EDELL_16_uid_69ea5afd51dac.jpg,https://admin.driftfrance.com/storage/uploads/2026/04/23/EDELL_16_uid_69ea5afd51dac.jpg
etienne-moustache,42,Etienne,Moustache,TBA,LEXUS IS200,280,França,🇫🇷,"Jul 28, 1994",França,"cfd,pro",CFD,0,0,0,0,0,"Ao volante de um LEXUS IS200, Etienne Moustache representa França na temporada 2026 do Campeonato de França de Drift. Veste as cores da TBA. Já terminou em 4º lugar da categoria Loisir em 2024. Na época 2026 leva o número 42 na grelha.",,"[{""season"":2023,""standing"":0,""points"":35},{""season"":2024,""standing"":0,""points"":225},{""season"":2025,""standing"":0,""points"":225},{""season"":2026,""standing"":0,""points"":0}]",/uploads/drivers/etienne-moustache.webp,true,Photo (c) Championnat de France de Drift - used with permission | source: https://admin.driftfrance.com/storage/uploads/2025/05/23/154_E.-MOUSTACHE1_uid_68309152d4bc6.webp,https://admin.driftfrance.com/storage/uploads/2025/05/23/154_E.-MOUSTACHE1_uid_68309152d4bc6.webp
samy-aouragh,104,Samy,Aouragh,MPS OURS DRIFT TEAM,BMW E92,850,França,🇫🇷,"Jun 23, 1999",França,"cfd,pro",CFD,0,345,0,0,0,"Samy Aouragh, natural de França, compete no Campeonato de França de Drift (CFD) ao volante de um BMW E92. Corre pela equipa MPS OURS DRIFT TEAM. Já terminou em 6º lugar da categoria Loisir em 2024. Corre com o número 104 e soma 345 pontos na presente época.",,"[{""season"":2024,""standing"":0,""points"":215},{""season"":2025,""standing"":0,""points"":380},{""season"":2026,""standing"":0,""points"":345}]",/uploads/drivers/samy-aouragh.png,true,Photo (c) Championnat de France de Drift - used with permission | source: https://admin.driftfrance.com/storage/uploads/2026/04/27/AOURAGH_104_uid_69ef8212aae8e.png,https://admin.driftfrance.com/storage/uploads/2026/04/27/AOURAGH_104_uid_69ef8212aae8e.png
fabio-henriques,107,Fabio,Henriques,STREET GET BY CHAPA,BMW M3 E46,540,França,🇫🇷,"Jul 16, 2006",França,"cfd,pro",CFD,0,433,0,0,0,"Natural de França, Fabio Henriques disputa a temporada 2026 do CFD ao comando de um BMW M3 E46. Representa a equipa STREET GET BY CHAPA na competição. Já terminou em 2º lugar da categoria Loisir em 2024. Na época 2026 leva o número 107 e já contabiliza 433 pontos.",,"[{""season"":2024,""standing"":0,""points"":295},{""season"":2025,""standing"":0,""points"":320},{""season"":2026,""standing"":0,""points"":433}]",/uploads/drivers/fabio-henriques.png,true,Photo (c) Championnat de France de Drift - used with permission | source: https://admin.driftfrance.com/storage/uploads/2026/04/27/HENRIQUES_107_uid_69ef82f91d82c.png,https://admin.driftfrance.com/storage/uploads/2026/04/27/HENRIQUES_107_uid_69ef82f91d82c.png
jeremy-lepetit,105,Jeremy,Lepetit,,BMW M3 E36,560,França,🇫🇷,"Sep 12, 1995",França,"cfd,pro",CFD,0,356,0,0,0,"Jeremy Lepetit é piloto de drift natural de França e enfrenta a grelha do Championnat de France de Drift 2026 a bordo de um BMW M3 E36. Já terminou em 5º lugar da categoria Loisir em 2024. Em 2026 compete com o dorsal 105, somando 356 pontos até ao momento.",,"[{""season"":2024,""standing"":0,""points"":220},{""season"":2025,""standing"":0,""points"":370},{""season"":2026,""standing"":0,""points"":356}]",/uploads/drivers/jeremy-lepetit.png,true,Photo (c) Championnat de France de Drift - used with permission | source: https://admin.driftfrance.com/storage/uploads/2026/04/27/LEPETIT_105_uid_69ef82978d612.png,https://admin.driftfrance.com/storage/uploads/2026/04/27/LEPETIT_105_uid_69ef82978d612.png
sonny-marien,116,Sonny,Marien,,BMW SERIE 1,650,França,🇫🇷,,França,"cfd,pro",CFD,0,189,0,0,0,"Com um BMW SERIE 1 preparado para a pista, Sonny Marien representa França na época 2026 do CFD. Corre com o número 116 e soma 189 pontos na presente época.",,"[{""season"":2024,""standing"":0,""points"":205},{""season"":2026,""standing"":0,""points"":116}]",/uploads/drivers/sonny-marien.png,true,Photo (c) Championnat de France de Drift - used with permission | source: https://admin.driftfrance.com/storage/uploads/2026/04/27/MARIEN_116_uid_69ef857b293e3.png,https://admin.driftfrance.com/storage/uploads/2026/04/27/MARIEN_116_uid_69ef857b293e3.png
xavier-diebold,39,Xavier,Diebold,,BMW E92,986,França,🇫🇷,"Sep 1, 1988",França,"cfd,pro",CFD,0,122,0,0,0,"Xavier Diebold, de França, integra a grelha do CFD em 2026, ao volante de um BMW E92. Já terminou em 6º lugar da categoria Pro em 2024. Na época 2026 leva o número 39 e já contabiliza 122 pontos.",,"[{""season"":2024,""standing"":0,""points"":515},{""season"":2025,""standing"":0,""points"":290},{""season"":2026,""standing"":0,""points"":122}]",/uploads/drivers/xavier-diebold.jpg,true,Photo (c) Championnat de France de Drift - used with permission | source: https://admin.driftfrance.com/storage/uploads/2026/04/23/DIEBOLD_39_uid_69ea61a63f61b.jpg,https://admin.driftfrance.com/storage/uploads/2026/04/23/DIEBOLD_39_uid_69ea61a63f61b.jpg
guillaume-mauduit,112,Guillaume,Mauduit,,BMW Série 1,0,França,🇫🇷,"Oct 8, 1976",França,"cfd,pro",CFD,0,50,0,0,0,"Ao volante de um BMW Série 1, Guillaume Mauduit representa França na temporada 2026 do Campeonato de França de Drift. Já terminou em 21º lugar da categoria Pro em 2024. Em 2026 compete com o dorsal 112, somando 50 pontos até ao momento.",,"[{""season"":2024,""standing"":0,""points"":213},{""season"":2025,""standing"":0,""points"":210},{""season"":2026,""standing"":0,""points"":50}]",/uploads/drivers/guillaume-mauduit.png,true,Photo (c) Championnat de France de Drift - used with permission | source: https://admin.driftfrance.com/storage/uploads/2026/04/27/MAUDUIT_112_uid_69ef84d198887.png,https://admin.driftfrance.com/storage/uploads/2026/04/27/MAUDUIT_112_uid_69ef84d198887.png
anthony-bronzino,108,Anthony,Bronzino,E30 CLASSIC LEGEND,BMW E30,450,França,🇫🇷,"Dec 5, 1994",França,"cfd,pro",CFD,0,306,0,0,0,"Natural de França, Anthony Bronzino disputa a temporada 2026 do CFD ao comando de um BMW E30. Representa a equipa E30 CLASSIC LEGEND na competição. Já terminou em 17º lugar da categoria Pro em 2024. Na época 2026 leva o número 108 e já contabiliza 306 pontos.",,"[{""season"":2024,""standing"":0,""points"":321},{""season"":2025,""standing"":0,""points"":320},{""season"":2026,""standing"":0,""points"":306}]",/uploads/drivers/anthony-bronzino.png,true,Photo (c) Championnat de France de Drift - used with permission | source: https://admin.driftfrance.com/storage/uploads/2026/04/27/BRONZINO_108_uid_69ef8310144eb.png,https://admin.driftfrance.com/storage/uploads/2026/04/27/BRONZINO_108_uid_69ef8310144eb.png
bryan-roman,36,Bryan,Roman,GÉNÉRATION DRIFT,Subaru Wrx Sti,900,França,🇫🇷,"Aug 12, 2005",França,"cfd,pro",CFD,0,352,0,0,0,"Bryan Roman é piloto de drift natural de França e enfrenta a grelha do Championnat de France de Drift 2026 a bordo de um Subaru Wrx Sti. Veste as cores da GÉNÉRATION DRIFT. Tem no currículo um título de campeão, conquistado em 2024. Em 2026 compete com o dorsal 36, somando 352 pontos até ao momento.",,"[{""season"":2024,""standing"":0,""points"":385},{""season"":2025,""standing"":0,""points"":480},{""season"":2026,""standing"":0,""points"":352}]",/uploads/drivers/bryan-roman.jpg,true,Photo (c) Championnat de France de Drift - used with permission | source: https://admin.driftfrance.com/storage/uploads/2026/04/23/ROMAN_36_uid_69ea5fa8cf6ce.jpg,https://admin.driftfrance.com/storage/uploads/2026/04/23/ROMAN_36_uid_69ea5fa8cf6ce.jpg
damien-van-theemsche,17,Damien,Van Theemsche,DRIFT'EURE TEAM,BMW SERIE 3 E92,580,França,🇫🇷,"Mar 13, 1990",França,"cfd,pro",CFD,0,119,0,0,0,"Com um BMW SERIE 3 E92 preparado para a pista, Damien Van Theemsche representa França na época 2026 do CFD. Corre pela equipa DRIFT'EURE TEAM. Já terminou em 37º lugar da categoria Elite em 2024. Corre com o número 17 e soma 119 pontos na presente época.",,"[{""season"":2024,""standing"":0,""points"":122},{""season"":2025,""standing"":0,""points"":270},{""season"":2026,""standing"":0,""points"":119}]",/uploads/drivers/damien-van-theemsche.jpg,true,Photo (c) Championnat de France de Drift - used with permission | source: https://admin.driftfrance.com/storage/uploads/2026/04/23/VAN-TEEMSCHE_17_uid_69ea5ba5785a1.jpg,https://admin.driftfrance.com/storage/uploads/2026/04/23/VAN-TEEMSCHE_17_uid_69ea5ba5785a1.jpg
alexandre-claudin,40,Alexandre,Claudin,,Corvette,0,França,🇫🇷,,França,"cfd,pro",CFD,0,28,0,0,0,"Alexandre Claudin, de França, integra a grelha do CFD em 2026, ao volante de um Corvette. Na época 2026 leva o número 40 e já contabiliza 28 pontos.",,"[{""season"":2024,""standing"":0,""points"":55},{""season"":2025,""standing"":0,""points"":10},{""season"":2026,""standing"":0,""points"":28}]",/uploads/drivers/alexandre-claudin.jpg,true,Photo (c) Championnat de France de Drift - used with permission | source: https://admin.driftfrance.com/storage/uploads/2026/04/24/CLAUDIN8_26_uid_69eb2512c97fa.jpg,https://admin.driftfrance.com/storage/uploads/2026/04/24/CLAUDIN8_26_uid_69eb2512c97fa.jpg
elio-surace,33,Elio,Surace,,BMW E30,0,França,🇫🇷,"Jan 5, 2008",França,"cfd,pro",CFD,0,332,0,0,0,"Ao volante de um BMW E30, Elio Surace representa França na temporada 2026 do Campeonato de França de Drift. Em 2026 compete com o dorsal 33, somando 332 pontos até ao momento.",,"[{""season"":2024,""standing"":0,""points"":90},{""season"":2025,""standing"":0,""points"":540},{""season"":2026,""standing"":0,""points"":332}]",/uploads/drivers/elio-surace.jpg,true,Photo (c) Championnat de France de Drift - used with permission | source: https://admin.driftfrance.com/storage/uploads/2026/04/23/EL_SURACE_33_uid_69ea5deecabcc.jpg,https://admin.driftfrance.com/storage/uploads/2026/04/23/EL_SURACE_33_uid_69ea5deecabcc.jpg
arnaud-carrier,173,Arnaud,Carrier,,,0,França,🇫🇷,,França,"cfd,pro",CFD,0,65,0,0,0,"Arnaud Carrier, natural de França, compete no Campeonato de França de Drift (CFD) em 2026. Corre com o número 173 e soma 65 pontos na presente época.",,"[{""season"":2024,""standing"":0,""points"":65},{""season"":2026,""standing"":0,""points"":65}]",,false,no individual photo on file at driftfrance.com (generic helmet placeholder only) - skipped,https://admin.driftfrance.com/storage/uploads/2023/09/13/Avatar_SiteHub_carr_uid_62d66a478bc35_uid_6501adcf3c852.webp
cristiano-silva,113,Cristiano,Silva,STREET GET BY CHAPA,BMW E30,0,França,🇫🇷,"Jun 4, 2008",França,"cfd,pro",CFD,0,571,0,0,0,"Natural de França, Cristiano Silva disputa a temporada 2026 do CFD ao comando de um BMW E30. Representa a equipa STREET GET BY CHAPA na competição. Na época 2026 leva o número 113 e já contabiliza 571 pontos.",,"[{""season"":2024,""standing"":0,""points"":85},{""season"":2025,""standing"":0,""points"":180},{""season"":2026,""standing"":0,""points"":571}]",/uploads/drivers/cristiano-silva.png,true,Photo (c) Championnat de France de Drift - used with permission | source: https://admin.driftfrance.com/storage/uploads/2026/04/27/SILVA_113_uid_69ef84ee7d41a.png,https://admin.driftfrance.com/storage/uploads/2026/04/27/SILVA_113_uid_69ef84ee7d41a.png
logan-postigo,23,Logan,Postigo,,BMW E36,0,França,🇫🇷,"May 11, 1988",França,"cfd,pro",CFD,0,0,0,0,0,Logan Postigo é piloto de drift natural de França e enfrenta a grelha do Championnat de France de Drift 2026 a bordo de um BMW E36. Corre com o número 23 nesta temporada.,,"[{""season"":2024,""standing"":0,""points"":0},{""season"":2025,""standing"":0,""points"":220},{""season"":2026,""standing"":0,""points"":0}]",/uploads/drivers/logan-postigo.webp,true,Photo (c) Championnat de France de Drift - used with permission | source: https://admin.driftfrance.com/storage/uploads/2025/12/16/CFD_Avatar_Pilotes_elite_postigo_uid_6941341ed8912.webp,https://admin.driftfrance.com/storage/uploads/2025/12/16/CFD_Avatar_Pilotes_elite_postigo_uid_6941341ed8912.webp
mederic-isker,35,Mederic,Isker,SHIFTECH X BROTHERS CUSTOM,BMW E92,0,França,🇫🇷,"Feb 18, 1988",França,"cfd,pro",CFD,0,267,0,0,0,"Com um BMW E92 preparado para a pista, Mederic Isker representa França na época 2026 do CFD. Corre pela equipa SHIFTECH X BROTHERS CUSTOM. Corre com o número 35 e soma 267 pontos na presente época.",,"[{""season"":2025,""standing"":0,""points"":520},{""season"":2026,""standing"":0,""points"":267}]",/uploads/drivers/mederic-isker.jpg,true,Photo (c) Championnat de France de Drift - used with permission | source: https://admin.driftfrance.com/storage/uploads/2026/04/23/ISKER_25_uid_69ea5f90db62e.jpg,https://admin.driftfrance.com/storage/uploads/2026/04/23/ISKER_25_uid_69ea5f90db62e.jpg
fabien-tisserand,38,Fabien,Tisserand,,BMW E36,0,França,🇫🇷,"Jul 31, 1991",França,"cfd,pro",CFD,0,341,0,0,0,"Fabien Tisserand, de França, integra a grelha do CFD em 2026, ao volante de um BMW E36. Na época 2026 leva o número 38 e já contabiliza 341 pontos.",,"[{""season"":2025,""standing"":0,""points"":400},{""season"":2026,""standing"":0,""points"":341}]",/uploads/drivers/fabien-tisserand.jpg,true,Photo (c) Championnat de France de Drift - used with permission | source: https://admin.driftfrance.com/storage/uploads/2026/04/23/TISSERAND_38_uid_69ea61611fe48.jpg,https://admin.driftfrance.com/storage/uploads/2026/04/23/TISSERAND_38_uid_69ea61611fe48.jpg
paulo-rocha,31,Paulo,Rocha,,BMW E46,0,Portugal,🇵🇹,,Portugal,"cfd,pro",CFD,0,0,0,0,0,"Ao volante de um BMW E46, Paulo Rocha representa Portugal na temporada 2026 do Campeonato de França de Drift. Na época 2026 leva o número 31 na grelha.",,"[{""season"":2025,""standing"":0,""points"":620},{""season"":2026,""standing"":0,""points"":0}]",/uploads/drivers/paulo-rocha.webp,true,Photo (c) Championnat de France de Drift - used with permission | source: https://admin.driftfrance.com/storage/uploads/2025/12/16/CFD_Avatar_Pilotes_elite_rocha_uid_69413ab9e4df4.webp,https://admin.driftfrance.com/storage/uploads/2025/12/16/CFD_Avatar_Pilotes_elite_rocha_uid_69413ab9e4df4.webp
loic-rigoni,102,Loic,Rigoni,MPS OURS DRIFT TEAM,BMW E36,0,França,🇫🇷,"Mar 25, 2000",França,"cfd,pro",CFD,0,400,0,0,0,"Loic Rigoni, natural de França, compete no Campeonato de França de Drift (CFD) ao volante de um BMW E36. Corre pela equipa MPS OURS DRIFT TEAM. Corre com o número 102 e soma 400 pontos na presente época.",,"[{""season"":2025,""standing"":0,""points"":540},{""season"":2026,""standing"":0,""points"":400}]",/uploads/drivers/loic-rigoni.png,true,Photo (c) Championnat de France de Drift - used with permission | source: https://admin.driftfrance.com/storage/uploads/2026/04/27/RIGONI_102_uid_69ef800522e2b.png,https://admin.driftfrance.com/storage/uploads/2026/04/27/RIGONI_102_uid_69ef800522e2b.png
remy-briffotaux,170,Remy,Briffotaux,,Bmw E36,0,França,🇫🇷,"Oct 28, 1986",França,"cfd,pro",CFD,0,0,0,0,0,"Natural de França, Remy Briffotaux disputa a temporada 2026 do CFD ao comando de um Bmw E36. Na época 2026 leva o número 170 na grelha.",,"[{""season"":2025,""standing"":0,""points"":340},{""season"":2026,""standing"":0,""points"":0}]",/uploads/drivers/remy-briffotaux.webp,true,Photo (c) Championnat de France de Drift - used with permission | source: https://admin.driftfrance.com/storage/uploads/2025/05/26/167_R.-BRIFFOTAUX1_uid_683432d806081.webp,https://admin.driftfrance.com/storage/uploads/2025/05/26/167_R.-BRIFFOTAUX1_uid_683432d806081.webp
sacha-aleksic,50,Sacha,Aleksic,,,0,França,🇫🇷,,França,"cfd,pro",CFD,0,27,0,0,0,"Sacha Aleksic, natural de França, compete no Campeonato de França de Drift (CFD) em 2026. Em 2026 compete com o dorsal 50, somando 27 pontos até ao momento.",,"[{""season"":2025,""standing"":0,""points"":60},{""season"":2026,""standing"":0,""points"":27}]",/uploads/drivers/sacha-aleksic.webp,true,Photo (c) Championnat de France de Drift - used with permission | source: https://admin.driftfrance.com/storage/uploads/2025/05/26/181_S.-ALEKSIC1_uid_683438697be62.webp,https://admin.driftfrance.com/storage/uploads/2025/05/26/181_S.-ALEKSIC1_uid_683438697be62.webp
mehdi-yazid,61,Mehdi,Yazid,,,0,França,🇫🇷,,França,"cfd,pro",CFD,0,30,0,0,0,"Natural de França, Mehdi Yazid disputa a temporada 2026 do CFD. Corre com o número 61 e soma 30 pontos na presente época.",,"[{""season"":2025,""standing"":0,""points"":110},{""season"":2026,""standing"":0,""points"":30}]",/uploads/drivers/mehdi-yazid.png,true,Photo (c) Championnat de France de Drift - used with permission | source: https://admin.driftfrance.com/storage/uploads/2026/05/23/3-carr_uid_6a11812bb34d1.png,https://admin.driftfrance.com/storage/uploads/2026/05/23/3-carr_uid_6a11812bb34d1.png
luca-bulete,180,Lùca,Bulete,,,0,França,🇫🇷,,França,"cfd,pro",CFD,0,0,0,0,0,Lùca Bulete é piloto de drift natural de França e integra a grelha do Championnat de France de Drift 2026. Corre com o número 180 nesta temporada.,,"[{""season"":2025,""standing"":0,""points"":10},{""season"":2026,""standing"":0,""points"":0}]",,false,no individual photo on file at driftfrance.com (generic helmet placeholder only) - skipped,https://admin.driftfrance.com/storage/uploads/2022/07/19/Avatar_SiteHub_carr_uid_62d66a478bc35.webp
anthony-pulici,117,Anthony,Pulici,,,0,França,🇫🇷,,França,"cfd,pro",CFD,0,139,0,0,0,"Anthony Pulici, de França, faz parte da grelha do CFD em 2026. Em 2026 compete com o dorsal 117, somando 139 pontos até ao momento.",,"[{""season"":2025,""standing"":0,""points"":60},{""season"":2026,""standing"":0,""points"":139}]",/uploads/drivers/anthony-pulici.png,true,Photo (c) Championnat de France de Drift - used with permission | source: https://admin.driftfrance.com/storage/uploads/2026/04/27/PULICI_117_uid_69ef859bdb958.png,https://admin.driftfrance.com/storage/uploads/2026/04/27/PULICI_117_uid_69ef859bdb958.png
cyril-breney,118,Cyril,Breney,,,0,França,🇫🇷,,França,"cfd,pro",CFD,0,161,0,0,0,"Cyril Breney, natural de França, compete no Campeonato de França de Drift (CFD) em 2026. Corre com o número 118 e soma 161 pontos na presente época.",,"[{""season"":2026,""standing"":0,""points"":161}]",/uploads/drivers/cyril-breney.png,true,Photo (c) Championnat de France de Drift - used with permission | source: https://admin.driftfrance.com/storage/uploads/2026/05/23/4-carr_uid_6a118d4989a0a.png,https://admin.driftfrance.com/storage/uploads/2026/05/23/4-carr_uid_6a118d4989a0a.png
yann-favier,119,Yann,Favier,,,0,França,🇫🇷,,França,"cfd,pro",CFD,0,83,0,0,0,"Natural de França, Yann Favier disputa a temporada 2026 do CFD. Na época 2026 leva o número 119 e já contabiliza 83 pontos.",,"[{""season"":2026,""standing"":0,""points"":83}]",/uploads/drivers/yann-favier.png,true,Photo (c) Championnat de France de Drift - used with permission | source: https://admin.driftfrance.com/storage/uploads/2026/04/27/FAVIER_119_uid_69ef85ae1f203.png,https://admin.driftfrance.com/storage/uploads/2026/04/27/FAVIER_119_uid_69ef85ae1f203.png
killian-trosset,120,Killian,Trosset,,,0,França,🇫🇷,,França,"cfd,pro",CFD,0,160,0,0,0,"Killian Trosset é piloto de drift natural de França e integra a grelha do Championnat de France de Drift 2026. Em 2026 compete com o dorsal 120, somando 160 pontos até ao momento.",,"[{""season"":2026,""standing"":0,""points"":160}]",/uploads/drivers/killian-trosset.png,true,Photo (c) Championnat de France de Drift - used with permission | source: https://admin.driftfrance.com/storage/uploads/2026/04/27/TROSSET_120_uid_69ef8621cce0f.png,https://admin.driftfrance.com/storage/uploads/2026/04/27/TROSSET_120_uid_69ef8621cce0f.png
charly-palma,121,Charly,Palma,,,0,França,🇫🇷,,França,"cfd,pro",CFD,0,242,0,0,0,"Charly Palma, de França, faz parte da grelha do CFD em 2026. Corre com o número 121 e soma 242 pontos na presente época.",,"[{""season"":2026,""standing"":0,""points"":242}]",/uploads/drivers/charly-palma.png,true,Photo (c) Championnat de France de Drift - used with permission | source: https://admin.driftfrance.com/storage/uploads/2026/04/27/PALMA_121_uid_69ef86558efd1.png,https://admin.driftfrance.com/storage/uploads/2026/04/27/PALMA_121_uid_69ef86558efd1.png
salim-karrouache,123,Salim,Karrouache,,,0,França,🇫🇷,,França,"cfd,pro",CFD,0,407,0,0,0,"Salim Karrouache, natural de França, compete no Campeonato de França de Drift (CFD) em 2026. Na época 2026 leva o número 123 e já contabiliza 407 pontos.",,"[{""season"":2026,""standing"":0,""points"":407}]",/uploads/drivers/salim-karrouache.png,true,Photo (c) Championnat de France de Drift - used with permission | source: https://admin.driftfrance.com/storage/uploads/2026/04/27/KARROUACHE_123_uid_69ef85e653565.png,https://admin.driftfrance.com/storage/uploads/2026/04/27/KARROUACHE_123_uid_69ef85e653565.png
luke-malpass,132,Luke,Malpass,,,0,França,🇫🇷,,França,"cfd,pro",CFD,0,88,0,0,0,"Natural de França, Luke Malpass disputa a temporada 2026 do CFD. Em 2026 compete com o dorsal 132, somando 88 pontos até ao momento.",,"[{""season"":2026,""standing"":0,""points"":88}]",/uploads/drivers/luke-malpass.png,true,Photo (c) Championnat de France de Drift - used with permission | source: https://admin.driftfrance.com/storage/uploads/2026/04/27/MALPASS_132_uid_69ef85fb013f4.png,https://admin.driftfrance.com/storage/uploads/2026/04/27/MALPASS_132_uid_69ef85fb013f4.png
jeremy-breney,122,Jeremy,Breney,,,0,França,🇫🇷,,França,"cfd,pro",CFD,0,94,0,0,0,Jeremy Breney é piloto de drift natural de França e integra a grelha do Championnat de France de Drift 2026. Corre com o número 122 e soma 94 pontos na presente época.,,"[{""season"":2026,""standing"":0,""points"":94}]",/uploads/drivers/jeremy-breney.png,true,Photo (c) Championnat de France de Drift - used with permission | source: https://admin.driftfrance.com/storage/uploads/2026/05/23/j-breney-carr_uid_6a11981a075e0.png,https://admin.driftfrance.com/storage/uploads/2026/05/23/j-breney-carr_uid_6a11981a075e0.png
eva-nox,131,Eva,Nox,,,0,França,🇫🇷,,França,"cfd,pro",CFD,0,0,0,0,0,"Eva Nox, de França, faz parte da grelha do CFD em 2026. Na época 2026 leva o número 131 na grelha.",,"[{""season"":2026,""standing"":0,""points"":0}]",,false,no individual photo on file at driftfrance.com (generic helmet placeholder only) - skipped,https://admin.driftfrance.com/storage/uploads/2022/07/19/Avatar_SiteHub_carr_uid_62d66a478bc35.webp
michael-bourdeau,140,Michael,Bourdeau,,,0,França,🇫🇷,,França,"cfd,pro",CFD,0,10,0,0,0,"Michael Bourdeau, natural de França, compete no Campeonato de França de Drift (CFD) em 2026. Em 2026 compete com o dorsal 140, somando 10 pontos até ao momento.",,"[{""season"":2026,""standing"":0,""points"":10}]",,false,no individual photo on file at driftfrance.com (generic helmet placeholder only) - skipped,https://admin.driftfrance.com/storage/uploads/2022/07/19/Avatar_SiteHub_carr_uid_62d66a478bc35.webp
gregoire-du-pasquier,141,Gregoire,Du Pasquier,,,0,França,🇫🇷,,França,"cfd,pro",CFD,0,79,0,0,0,"Natural de França, Gregoire Du Pasquier disputa a temporada 2026 do CFD. Corre com o número 141 e soma 79 pontos na presente época.",,"[{""season"":2026,""standing"":0,""points"":79}]",,false,no individual photo on file at driftfrance.com (generic helmet placeholder only) - skipped,https://admin.driftfrance.com/storage/uploads/2022/07/19/Avatar_SiteHub_carr_uid_62d66a478bc35.webp
ryan-mechalikh,142,Ryan,Mechalikh,,,0,França,🇫🇷,,França,"cfd,pro",CFD,0,117,0,0,0,Ryan Mechalikh é piloto de drift natural de França e integra a grelha do Championnat de France de Drift 2026. Na época 2026 leva o número 142 e já contabiliza 117 pontos.,,"[{""season"":2026,""standing"":0,""points"":117}]",,false,no individual photo on file at driftfrance.com (generic helmet placeholder only) - skipped,https://admin.driftfrance.com/storage/uploads/2022/07/19/Avatar_SiteHub_carr_uid_62d66a478bc35.webp
dorian-poncin,143,Dorian,Poncin,,,0,França,🇫🇷,,França,"cfd,pro",CFD,0,189,0,0,0,"Dorian Poncin, de França, faz parte da grelha do CFD em 2026. Em 2026 compete com o dorsal 143, somando 189 pontos até ao momento.",,"[{""season"":2026,""standing"":0,""points"":189}]",,false,no individual photo on file at driftfrance.com (generic helmet placeholder only) - skipped,https://admin.driftfrance.com/storage/uploads/2022/07/19/Avatar_SiteHub_carr_uid_62d66a478bc35.webp
florian-vicente,144,Florian,Vicente,,,0,França,🇫🇷,,França,"cfd,pro",CFD,0,111,0,0,0,"Florian Vicente, natural de França, compete no Campeonato de França de Drift (CFD) em 2026. Corre com o número 144 e soma 111 pontos na presente época.",,"[{""season"":2026,""standing"":0,""points"":111}]",,false,no individual photo on file at driftfrance.com (generic helmet placeholder only) - skipped,https://admin.driftfrance.com/storage/uploads/2022/07/19/Avatar_SiteHub_carr_uid_62d66a478bc35.webp
manon-boucher,150,Manon,Boucher,,,0,França,🇫🇷,,França,"cfd,pro",CFD,0,10,0,0,0,"Natural de França, Manon Boucher disputa a temporada 2026 do CFD. Na época 2026 leva o número 150 e já contabiliza 10 pontos.",,"[{""season"":2026,""standing"":0,""points"":10}]",/uploads/drivers/manon-boucher.png,true,Photo (c) Championnat de France de Drift - used with permission | source: https://admin.driftfrance.com/storage/uploads/2026/05/23/5-carr_uid_6a118254ee299.png,https://admin.driftfrance.com/storage/uploads/2026/05/23/5-carr_uid_6a118254ee299.png
jessica-legros,151,Jessica,Legros,,,0,França,🇫🇷,,França,"cfd,pro",CFD,0,10,0,0,0,"Jessica Legros é piloto de drift natural de França e integra a grelha do Championnat de France de Drift 2026. Em 2026 compete com o dorsal 151, somando 10 pontos até ao momento.",,"[{""season"":2026,""standing"":0,""points"":10}]",/uploads/drivers/jessica-legros.png,true,Photo (c) Championnat de France de Drift - used with permission | source: https://admin.driftfrance.com/storage/uploads/2026/05/23/legros-carr_uid_6a11860433c00.png,https://admin.driftfrance.com/storage/uploads/2026/05/23/legros-carr_uid_6a11860433c00.png
geoffray-curtis-flores,152,Geoffray Curtis,Flores,,,0,França,🇫🇷,,França,"cfd,pro",CFD,0,10,0,0,0,"Geoffray Curtis Flores, de França, faz parte da grelha do CFD em 2026. Corre com o número 152 e soma 10 pontos na presente época.",,"[{""season"":2026,""standing"":0,""points"":10}]",/uploads/drivers/geoffray-curtis-flores.png,true,Photo (c) Championnat de France de Drift - used with permission | source: https://admin.driftfrance.com/storage/uploads/2026/05/23/flores-carr_uid_6a1185db4d845.png,https://admin.driftfrance.com/storage/uploads/2026/05/23/flores-carr_uid_6a1185db4d845.png
steeven-caparros,153,Steeven,Caparros,,,0,França,🇫🇷,,França,"cfd,pro",CFD,0,10,0,0,0,"Steeven Caparros, natural de França, compete no Campeonato de França de Drift (CFD) em 2026. Na época 2026 leva o número 153 e já contabiliza 10 pontos.",,"[{""season"":2026,""standing"":0,""points"":10}]",/uploads/drivers/steeven-caparros.png,true,Photo (c) Championnat de France de Drift - used with permission | source: https://admin.driftfrance.com/storage/uploads/2026/05/23/caparoce-carr_uid_6a119830f0d72.png,https://admin.driftfrance.com/storage/uploads/2026/05/23/caparoce-carr_uid_6a119830f0d72.png
maxime-lemasquerier,160,Maxime,Lemasquerier,,,0,França,🇫🇷,,França,"cfd,pro",CFD,0,112,0,0,0,"Natural de França, Maxime Lemasquerier disputa a temporada 2026 do CFD. Em 2026 compete com o dorsal 160, somando 112 pontos até ao momento.",,"[{""season"":2026,""standing"":0,""points"":112}]",,false,no individual photo on file at driftfrance.com (generic helmet placeholder only) - skipped,https://admin.driftfrance.com/storage/uploads/2022/07/19/Avatar_SiteHub_carr_uid_62d66a478bc35.webp
alexis-cancian,161,Alexis,Cancian,,,0,França,🇫🇷,,França,"cfd,pro",CFD,0,62,0,0,0,Alexis Cancian é piloto de drift natural de França e integra a grelha do Championnat de France de Drift 2026. Corre com o número 161 e soma 62 pontos na presente época.,,"[{""season"":2026,""standing"":0,""points"":62}]",,false,no individual photo on file at driftfrance.com (generic helmet placeholder only) - skipped,https://admin.driftfrance.com/storage/uploads/2022/07/19/Avatar_SiteHub_carr_uid_62d66a478bc35.webp
joscelin-genieys,162,Joscelin,Genieys,,,0,França,🇫🇷,,França,"cfd,pro",CFD,0,64,0,0,0,"Joscelin Genieys, de França, faz parte da grelha do CFD em 2026. Na época 2026 leva o número 162 e já contabiliza 64 pontos.",,"[{""season"":2026,""standing"":0,""points"":64}]",,false,no individual photo on file at driftfrance.com (generic helmet placeholder only) - skipped,https://admin.driftfrance.com/storage/uploads/2022/07/19/Avatar_SiteHub_carr_uid_62d66a478bc35.webp
igual-paul,181,Igual,Paul,,,0,França,🇫🇷,,França,"cfd,pro",CFD,0,0,0,0,0,"Igual Paul, natural de França, compete no Campeonato de França de Drift (CFD) em 2026. Corre com o número 181 nesta temporada.",,"[{""season"":2026,""standing"":0,""points"":0}]",,false,no individual photo on file at driftfrance.com (generic helmet placeholder only) - skipped,https://admin.driftfrance.com/storage/uploads/2022/07/19/Avatar_SiteHub_carr_uid_62d66a478bc35.webp
charly-munschy,183,Charly,Munschy,,,0,França,🇫🇷,,França,"cfd,pro",CFD,0,0,0,0,0,"Natural de França, Charly Munschy disputa a temporada 2026 do CFD. Na época 2026 leva o número 183 na grelha.",,"[{""season"":2026,""standing"":0,""points"":0}]",,false,no individual photo on file at driftfrance.com (generic helmet placeholder only) - skipped,https://admin.driftfrance.com/storage/uploads/2022/07/19/Avatar_SiteHub_carr_uid_62d66a478bc35.webp
chris-starfo,62,Chris,Starfo,,,0,França,🇫🇷,,França,"cfd,pro",CFD,0,0,0,0,0,Chris Starfo é piloto de drift natural de França e integra a grelha do Championnat de France de Drift 2026. Corre com o número 62 nesta temporada.,,"[{""season"":2026,""standing"":0,""points"":0}]",,false,no individual photo on file at driftfrance.com (generic helmet placeholder only) - skipped,https://admin.driftfrance.com/storage/uploads/2022/07/19/Avatar_SiteHub_carr_uid_62d66a478bc35.webp
martyn-cowley,71,Martyn,Cowley,,,0,França,🇫🇷,,França,"cfd,pro",CFD,0,79,0,0,0,"Martyn Cowley, de França, faz parte da grelha do CFD em 2026. Em 2026 compete com o dorsal 71, somando 79 pontos até ao momento.",,"[{""season"":2026,""standing"":0,""points"":79}]",,false,no individual photo on file at driftfrance.com (generic helmet placeholder only) - skipped,https://admin.driftfrance.com/storage/uploads/2022/07/19/Avatar_SiteHub_carr_uid_62d66a478bc35.webp
pierre-alessio,80,Pierre,Alessio,,,0,França,🇫🇷,,França,"cfd,pro",CFD,0,30,0,0,0,"Pierre Alessio, natural de França, compete no Campeonato de França de Drift (CFD) em 2026. Corre com o número 80 e soma 30 pontos na presente época.",,"[{""season"":2026,""standing"":0,""points"":30}]",,false,no individual photo on file at driftfrance.com (generic helmet placeholder only) - skipped,https://admin.driftfrance.com/storage/uploads/2022/07/19/Avatar_SiteHub_carr_uid_62d66a478bc35.webp
kevin-morin,91,Kevin,Morin,,,0,França,🇫🇷,,França,"cfd,pro",CFD,0,0,0,0,0,"Natural de França, Kevin Morin disputa a temporada 2026 do CFD. Na época 2026 leva o número 91 na grelha.",,"[{""season"":2026,""standing"":0,""points"":0}]",,false,no individual photo on file at driftfrance.com (generic helmet placeholder only) - skipped,https://admin.driftfrance.com/storage/uploads/2022/07/19/Avatar_SiteHub_carr_uid_62d66a478bc35.webp
jeremy-slamet,92,Jeremy,Slamet,,,0,França,🇫🇷,,França,"cfd,pro",CFD,0,26,0,0,0,"Jeremy Slamet é piloto de drift natural de França e integra a grelha do Championnat de France de Drift 2026. Em 2026 compete com o dorsal 92, somando 26 pontos até ao momento.",,"[{""season"":2026,""standing"":0,""points"":26}]",/uploads/drivers/jeremy-slamet.png,true,Photo (c) Championnat de France de Drift - used with permission | source: https://admin.driftfrance.com/storage/uploads/2026/05/23/7-carr_uid_6a11812c2e616.png,https://admin.driftfrance.com/storage/uploads/2026/05/23/7-carr_uid_6a11812c2e616.png
anthony-gaucher,154,Anthony,Gaucher,,,0,França,🇫🇷,,França,"cfd,pro",CFD,0,81,0,0,0,"Anthony Gaucher, de França, faz parte da grelha do CFD em 2026. Corre com o número 154 e soma 81 pontos na presente época.",,"[{""season"":2026,""standing"":0,""points"":81}]",,false,no individual photo on file at driftfrance.com (generic helmet placeholder only) - skipped,https://admin.driftfrance.com/storage/uploads/2022/07/19/Avatar_SiteHub_carr_uid_62d66a478bc35.webp
michael-perino,52,Michael,Perino,,,0,França,🇫🇷,,França,"cfd,pro",CFD,0,32,0,0,0,"Michael Perino, natural de França, compete no Campeonato de França de Drift (CFD) em 2026. Na época 2026 leva o número 52 e já contabiliza 32 pontos.",,"[{""season"":2026,""standing"":0,""points"":32}]",,false,no individual photo on file at driftfrance.com (generic helmet placeholder only) - skipped,https://admin.driftfrance.com/storage/uploads/2022/07/19/Avatar_SiteHub_carr_uid_62d66a478bc35.webp
lucas-moine,163,Lucas,Moine,,,0,França,🇫🇷,,França,"cfd,pro",CFD,0,81,0,0,0,"Natural de França, Lucas Moine disputa a temporada 2026 do CFD. Em 2026 compete com o dorsal 163, somando 81 pontos até ao momento.",,"[{""season"":2026,""standing"":0,""points"":81}]",,false,no individual photo on file at driftfrance.com (generic helmet placeholder only) - skipped,https://admin.driftfrance.com/storage/uploads/2022/07/19/Avatar_SiteHub_carr_uid_62d66a478bc35.webp
