slug,num,firstName,lastName,team,car,power,nationality,flag,birthDate,born,catsCsv,champsCsv,standing,points,bestStanding,wins,podiums,bio,instagram,historyJson,imageUrl,hasRealPhoto,sourcePhotoCredit
adrian-cabanillas,907,Adrian,Cabanillas,,BMW 1M,0,Espanha,🇪🇸,"Sep 30, 2008",Espanha,"dmec,pro",DMEC,0,0,0,0,0,"Adrian Cabanillas, natural de Espanha, junta-se à grelha da Drift Masters Grand Prix 2026 como piloto wildcard ao volante de um BMW 1M. Ao longo das últimas épocas tem vindo a construir o seu percurso na competição internacional.",,"[{""season"":2026,""standing"":0,""points"":0}]",,false,no official photo available on dm.gp
adrian-petricevic,936,Adrian,Petričević,,BMW E36,0,Croácia,🇭🇷,"Jan 1, 2000",Croácia,"dmec,pro",DMEC,0,0,0,0,0,"Adrian Petričević, natural de Croácia, junta-se à grelha da Drift Masters Grand Prix 2026 como piloto wildcard ao volante de um BMW E36. É mais um dos nomes que compõem a grelha internacional desta que é uma das principais séries de drift da Europa.",,"[{""season"":2025,""standing"":0,""points"":0},{""season"":2026,""standing"":0,""points"":0}]",,false,no official photo available on dm.gp
alan-hynes,37,Alan,Hynes,,Nissan S15,0,Irlanda,🇮🇪,"May 5, 1996",Irlanda,"dmec,pro",DMEC,21,128,21,0,0,"Alan Hynes é piloto de drift, natural de Irlanda, e compete na Drift Masters Grand Prix ao volante de um Nissan S15. Na época 2026 ocupa a posição 21 da geral, com 128 pontos somados até ao momento, a correr com o número 37. Faz parte do lote de pilotos que ano após ano disputam lugar entre os melhores da competição.",,"[{""season"":2023,""standing"":43,""points"":32},{""season"":2025,""standing"":30,""points"":64},{""season"":2026,""standing"":21,""points"":128}]",,false,no official photo available on dm.gp
alex-butler,921,Alex,Butler,,BMW E46,0,Irlanda,🇮🇪,,,"dmec,pro",DMEC,0,0,0,0,0,"Vindo de Irlanda, Alex Butler surge na grelha 2026 da Drift Masters Grand Prix como convidado, a bordo de um BMW E46. É mais um dos nomes que compõem a grelha internacional desta que é uma das principais séries de drift da Europa.",,"[{""season"":2026,""standing"":0,""points"":0}]",,false,no official photo available on dm.gp
alvis-ledskalnins,924,Alvis,Ledskalnins,,BMW M2,0,Letónia,🇱🇻,,,"dmec,pro",DMEC,0,0,0,0,0,"Alvis Ledskalnins, natural de Letónia, junta-se à grelha da Drift Masters Grand Prix 2026 como piloto wildcard ao volante de um BMW M2. É mais um dos nomes que compõem a grelha internacional desta que é uma das principais séries de drift da Europa.",,"[{""season"":2026,""standing"":0,""points"":0}]",,false,no official photo available on dm.gp
andrius-vasiliauskas,921,Andrius,Vasiliauskas,,BMW M2,0,Lituânia,🇱🇹,"Aug 3, 1990",Lituânia,"dmec,pro",DMEC,0,0,53,0,0,"Vindo de Lituânia, Andrius Vasiliauskas surge na grelha 2026 da Drift Masters Grand Prix como convidado, a bordo de um BMW M2. Nas épocas em que já correu, chegou a alcançar o lugar 53 da classificação geral. Faz parte do lote de pilotos que ano após ano disputam lugar entre os melhores da competição.",,"[{""season"":2023,""standing"":53,""points"":16},{""season"":2025,""standing"":53,""points"":16},{""season"":2026,""standing"":0,""points"":0}]",,false,no official photo available on dm.gp
anthony-rocci,903,Anthony,Rocci,,BMW E36,0,França,🇫🇷,"Nov 29, 1989",França,"dmec,pro",DMEC,0,0,0,0,0,"Anthony Rocci, natural de França, junta-se à grelha da Drift Masters Grand Prix 2026 como piloto wildcard ao volante de um BMW E36. Ao longo das últimas épocas tem vindo a construir o seu percurso na competição internacional.",,"[{""season"":2025,""standing"":0,""points"":0},{""season"":2026,""standing"":0,""points"":0}]",/uploads/drivers/anthony-rocci.png,true,"Photo (c) Drift Masters - used with permission, source: https://dm.gp/media/mrojrsv3/anthony_rocci.png"
artur-havrylenko,934,Artur,Havrylenko,,Toyota GT86,0,Ucrânia,🇺🇦,"Jan 1, 1989",Ucrânia,"dmec,pro",DMEC,0,0,0,0,0,"Artur Havrylenko, natural de Ucrânia, junta-se à grelha da Drift Masters Grand Prix 2026 como piloto wildcard ao volante de um Toyota GT86. É mais um dos nomes que compõem a grelha internacional desta que é uma das principais séries de drift da Europa.",,"[{""season"":2025,""standing"":0,""points"":0},{""season"":2026,""standing"":0,""points"":0}]",,false,no official photo available on dm.gp
axel-hildebrand,930,Axel,Hildebrand,,Volvo 745,0,Suécia,🇸🇪,"Jun 1, 1990",,"dmec,pro",DMEC,0,0,0,0,0,"Axel Hildebrand, natural de Suécia, junta-se à grelha da Drift Masters Grand Prix 2026 como piloto wildcard ao volante de um Volvo 745. Ao longo das últimas épocas tem vindo a construir o seu percurso na competição internacional.",,"[{""season"":2026,""standing"":0,""points"":0}]",,false,no official photo available on dm.gp
benediktas-cirba,93,Benediktas,Cirba,,BMW M2 G87,820,Lituânia,🇱🇹,"Dec 16, 1993",Lituânia,"dmec,pro",DMEC,12,216,10,0,0,"Benediktas Cirba é piloto de drift, natural de Lituânia, e compete na Drift Masters Grand Prix ao volante de um BMW M2 G87. Na época 2026 ocupa a posição 12 da geral, com 216 pontos somados até ao momento, a correr com o número 93. O seu carro está preparado para entregar 820 CV. Ao longo das últimas épocas tem vindo a construir o seu percurso na competição internacional.",,"[{""season"":2023,""standing"":11,""points"":187},{""season"":2024,""standing"":10,""points"":222},{""season"":2025,""standing"":25,""points"":112},{""season"":2026,""standing"":12,""points"":216}]",/uploads/drivers/benediktas-cirba.png,true,"Photo (c) Drift Masters - used with permission, source: https://dm.gp/media/tmzhderz/benediktas_cirba.png"
callum-coogan,938,Callum,Coogan,,BMW E36,0,Irlanda,🇮🇪,,,"dmec,pro",DMEC,0,0,0,0,0,"Callum Coogan, natural de Irlanda, junta-se à grelha da Drift Masters Grand Prix 2026 como piloto wildcard ao volante de um BMW E36. É mais um dos nomes que compõem a grelha internacional desta que é uma das principais séries de drift da Europa.",,"[{""season"":2026,""standing"":0,""points"":0}]",,false,no official photo available on dm.gp
clint-van-oort,96,Clint,Van Oort,,Nissan S14,880,Países Baixos,🇳🇱,"Jul 18, 1996",Países Baixos,"dmec,pro",DMEC,32,64,22,0,0,"Clint Van Oort é piloto de drift, natural de Países Baixos, e compete na Drift Masters Grand Prix ao volante de um Nissan S14. A sua melhor classificação de sempre na competição foi o lugar 22, e este ano leva 64 pontos somados, a competir sob o número 96. O seu carro está preparado para entregar 880 CV. Faz parte do lote de pilotos que ano após ano disputam lugar entre os melhores da competição.",,"[{""season"":2023,""standing"":33,""points"":69},{""season"":2024,""standing"":22,""points"":120},{""season"":2025,""standing"":28,""points"":96},{""season"":2026,""standing"":32,""points"":64}]",/uploads/drivers/clint-van-oort.png,true,"Photo (c) Drift Masters - used with permission, source: https://dm.gp/media/ctfi2gjk/clint_van_oort.png"
conor-falvey,412,Conor,Falvey,,Nissan S15,820,Irlanda,🇮🇪,,Irlanda,"dmec,pro",DMEC,6,255,6,0,0,"Natural de Irlanda, Conor Falvey representa as cores do seu país na grelha da Drift Masters Grand Prix a bordo de um Nissan S15. A sua melhor classificação de sempre na competição foi o lugar 6, e este ano leva 255 pontos somados, a competir sob o número 412. O seu carro está preparado para entregar 820 CV. Ao longo das últimas épocas tem vindo a construir o seu percurso na competição internacional.",,"[{""season"":2024,""standing"":17,""points"":168},{""season"":2025,""standing"":10,""points"":210},{""season"":2026,""standing"":6,""points"":255}]",/uploads/drivers/conor-falvey.png,true,"Photo (c) Drift Masters - used with permission, source: https://dm.gp/media/kmslj3vn/conor_flakey.png"
conor-shanahan,79,Conor,Shanahan,,Toyota GT86,950,Irlanda,🇮🇪,"Jun 10, 2003",Irlanda,"dmec,pro",DMEC,3,370,1,0,0,"Conor Shanahan é piloto de drift, natural de Irlanda, e compete na Drift Masters Grand Prix ao volante de um Toyota GT86. Na época 2026 ocupa a posição 3 da geral, com 370 pontos somados até ao momento, a correr com o número 79. O seu carro está preparado para entregar 950 CV. Já esteve por diversas vezes entre os pilotos mais bem classificados da competição, um resultado que o coloca entre os nomes de referência da grelha.",,"[{""season"":2023,""standing"":1,""points"":459},{""season"":2024,""standing"":4,""points"":293},{""season"":2025,""standing"":1,""points"":490},{""season"":2026,""standing"":3,""points"":370}]",/uploads/drivers/conor-shanahan.png,true,"Photo (c) Drift Masters - used with permission, source: https://dm.gp/media/zujcazzb/conor_shanahan.png"
daniels-baumanis,922,Daniels,Baumanis,,BMW E46,0,Letónia,🇱🇻,"Jan 18, 2008",Letónia,"dmec,pro",DMEC,46,16,46,0,0,"Daniels Baumanis, de Letónia, é um dos nomes presentes na grelha 2026 da Drift Masters Grand Prix, ao comando de um BMW E46. A sua melhor classificação de sempre na competição foi o lugar 46, e este ano leva 16 pontos somados, a competir sob o número 922. É mais um dos nomes que compõem a grelha internacional desta que é uma das principais séries de drift da Europa.",,"[{""season"":2025,""standing"":0,""points"":0},{""season"":2026,""standing"":46,""points"":16}]",,false,no official photo available on dm.gp
david-egan,8,David,Egan,,Toyota Supra GR,990,Irlanda,🇮🇪,"Jun 13, 1984",Irlanda,"dmec,pro",DMEC,29,80,29,0,0,"David Egan é piloto de drift, natural de Irlanda, e compete na Drift Masters Grand Prix ao volante de um Toyota Supra GR. Na época 2026 ocupa a posição 29 da geral, com 80 pontos somados até ao momento, a correr com o número 8. O seu carro está preparado para entregar 990 CV. É mais um dos nomes que compõem a grelha internacional desta que é uma das principais séries de drift da Europa.",,"[{""season"":2025,""standing"":40,""points"":32},{""season"":2026,""standing"":29,""points"":80}]",/uploads/drivers/david-egan.png,true,"Photo (c) Drift Masters - used with permission, source: https://dm.gp/media/rl2dntns/dave_egan.png"
dawid-sposob,56,Dawid,Sposób,,Nissan S15,920,Polónia,🇵🇱,,Polónia,"dmec,pro",DMEC,22,128,22,0,0,"Dawid Sposób, de Polónia, é um dos nomes presentes na grelha 2026 da Drift Masters Grand Prix, ao comando de um Nissan S15. Na época 2026 ocupa a posição 22 da geral, com 128 pontos somados até ao momento, a correr com o número 56. A sua máquina de competição chega aos 920 CV. Faz parte do lote de pilotos que ano após ano disputam lugar entre os melhores da competição.",,"[{""season"":2023,""standing"":42,""points"":32},{""season"":2024,""standing"":24,""points"":112},{""season"":2025,""standing"":26,""points"":112},{""season"":2026,""standing"":22,""points"":128}]",/uploads/drivers/dawid-sposob.png,true,"Photo (c) Drift Masters - used with permission, source: https://dm.gp/media/1awmn4cb/dawid_sposob.png"
diogo-correia,111,Diogo,Correia,,BMW E92 Eurofighter,1000,Portugal,🇵🇹,"Feb 5, 1996",Portugal,"dmec,pro",DMEC,23,115,8,0,0,"Diogo Correia é piloto de drift, natural de Portugal, e compete na Drift Masters Grand Prix ao volante de um BMW E92 Eurofighter. Na época 2026 ocupa a posição 23 da geral, com 115 pontos somados até ao momento, a correr com o número 111. O seu carro está preparado para entregar 1000 CV. Faz parte do lote de pilotos que ano após ano disputam lugar entre os melhores da competição.",,"[{""season"":2023,""standing"":8,""points"":204},{""season"":2024,""standing"":32,""points"":64},{""season"":2025,""standing"":27,""points"":96},{""season"":2026,""standing"":23,""points"":115}]",/uploads/drivers/diogo-correia.png,true,"Photo (c) Drift Masters - used with permission, source: https://dm.gp/media/gwvfmgad/diogo_correia.png"
dominik-kur,928,Dominik,Kur,,Opel GT,0,Polónia,🇵🇱,"Nov 24, 1987",,"dmec,pro",DMEC,0,0,0,0,0,"Dominik Kur, natural de Polónia, junta-se à grelha da Drift Masters Grand Prix 2026 como piloto wildcard ao volante de um Opel GT. É mais um dos nomes que compõem a grelha internacional desta que é uma das principais séries de drift da Europa.",,"[{""season"":2026,""standing"":0,""points"":0}]",,false,no official photo available on dm.gp
duane-mckeever,25,Duane,Mckeever,,Nissan 180SX,920,Irlanda,🇮🇪,"Oct 19, 1995",Irlanda,"dmec,pro",DMEC,7,244,2,0,0,"Duane Mckeever é piloto de drift, natural de Irlanda, e compete na Drift Masters Grand Prix ao volante de um Nissan 180SX. Na época 2026 ocupa a posição 7 da geral, com 244 pontos somados até ao momento, a correr com o número 25. Debaixo do capot, o 920 CV do seu carro garantem-lhe potência de sobra para as batalhas. Já esteve por diversas vezes entre os pilotos mais bem classificados da competição, um resultado que o coloca entre os nomes de referência da grelha.",,"[{""season"":2023,""standing"":6,""points"":293},{""season"":2024,""standing"":2,""points"":412},{""season"":2025,""standing"":20,""points"":142},{""season"":2026,""standing"":7,""points"":244}]",/uploads/drivers/duane-mckeever.png,true,"Photo (c) Drift Masters - used with permission, source: https://dm.gp/media/r2db1fqr/duane_makeover.png"
dylan-garvey,914,Dylan,Garvey,,Nissan 180SX,0,Irlanda,🇮🇪,"Apr 20, 2000",Irlanda,"dmec,pro",DMEC,35,32,30,0,0,"Natural de Irlanda, Dylan Garvey representa as cores do seu país na grelha da Drift Masters Grand Prix a bordo de um Nissan 180SX. A sua melhor classificação de sempre na competição foi o lugar 30, e este ano leva 32 pontos somados, a competir sob o número 914. É mais um dos nomes que compõem a grelha internacional desta que é uma das principais séries de drift da Europa.",,"[{""season"":2023,""standing"":30,""points"":85},{""season"":2026,""standing"":35,""points"":32}]",,false,no official photo available on dm.gp
dylan-wilson,934,Dylan,Wilson,,BMW E92,0,Reino Unido,🇬🇧,,,"dmec,pro",DMEC,0,0,0,0,0,"Vindo de Reino Unido, Dylan Wilson surge na grelha 2026 da Drift Masters Grand Prix como convidado, a bordo de um BMW E92. Faz parte do lote de pilotos que ano após ano disputam lugar entre os melhores da competição.",,"[{""season"":2026,""standing"":0,""points"":0}]",,false,no official photo available on dm.gp
enver-haskasap,535,Enver,Haskasap,,Nissan 180SX,1000,Turquia,🇹🇷,"Dec 16, 1983",Turquia,"dmec,pro",DMEC,49,16,49,0,0,"Natural de Turquia, Enver Haskasap representa as cores do seu país na grelha da Drift Masters Grand Prix a bordo de um Nissan 180SX. A sua melhor classificação de sempre na competição foi o lugar 49, e este ano leva 16 pontos somados, a competir sob o número 535. Debaixo do capot, o 1000 CV do seu carro garantem-lhe potência de sobra para as batalhas. Faz parte do lote de pilotos que ano após ano disputam lugar entre os melhores da competição.",,"[{""season"":2024,""standing"":0,""points"":0},{""season"":2025,""standing"":0,""points"":0},{""season"":2026,""standing"":49,""points"":16}]",/uploads/drivers/enver-haskasap.png,true,"Photo (c) Drift Masters - used with permission, source: https://dm.gp/media/lutpeafl/enver_haskasap.png"
espen-rohde,205,Espen,Rohde,,BMW E46,0,Noruega,🇳🇴,,Noruega,"dmec,pro",DMEC,27,98,23,0,0,"Espen Rohde é piloto de drift, natural de Noruega, e compete na Drift Masters Grand Prix ao volante de um BMW E46. Na época 2026 ocupa a posição 27 da geral, com 98 pontos somados até ao momento, a correr com o número 205. Faz parte do lote de pilotos que ano após ano disputam lugar entre os melhores da competição.",,"[{""season"":2025,""standing"":23,""points"":128},{""season"":2026,""standing"":27,""points"":98}]",/uploads/drivers/espen-rohde.png,true,"Photo (c) Drift Masters - used with permission, source: https://dm.gp/media/khsfndll/espen_rohde.png"
george-christoforou,100,George,Christoforou,,BMW E82,1100,Chipre,🇨🇾,"Oct 11, 1988",Chipre,"dmec,pro",DMEC,44,16,38,0,0,"George Christoforou, de Chipre, é um dos nomes presentes na grelha 2026 da Drift Masters Grand Prix, ao comando de um BMW E82. A sua melhor classificação de sempre na competição foi o lugar 38, e este ano leva 16 pontos somados, a competir sob o número 100. Debaixo do capot, o 1100 CV do seu carro garantem-lhe potência de sobra para as batalhas. Ao longo das últimas épocas tem vindo a construir o seu percurso na competição internacional.",,"[{""season"":2024,""standing"":0,""points"":0},{""season"":2025,""standing"":38,""points"":32},{""season"":2026,""standing"":44,""points"":16}]",/uploads/drivers/george-christoforou.png,true,"Photo (c) Drift Masters - used with permission, source: https://dm.gp/media/eeypnqj4/george_christoforou.png"
graig-merillo,919,Graig,Meriloo,,BMW Eurofighter,867,Estónia,🇪🇪,,,"dmec,pro",DMEC,41,16,41,0,0,"Natural de Estónia, Graig Meriloo representa as cores do seu país na grelha da Drift Masters Grand Prix a bordo de um BMW Eurofighter. A sua melhor classificação de sempre na competição foi o lugar 41, e este ano leva 16 pontos somados, a competir sob o número 919. O seu carro está preparado para entregar 867 CV. Ao longo das últimas épocas tem vindo a construir o seu percurso na competição internacional.",,"[{""season"":2026,""standing"":41,""points"":16}]",,false,no official photo available on dm.gp
harry-kerr,103,Harry,Kerr,,BMW E36,550,Irlanda,🇮🇪,"Jan 1, 2000",Irlanda,"dmec,pro",DMEC,31,64,31,0,0,"Harry Kerr é piloto de drift, natural de Irlanda, e compete na Drift Masters Grand Prix ao volante de um BMW E36. A sua melhor classificação de sempre na competição foi o lugar 31, e este ano leva 64 pontos somados, a competir sob o número 103. Debaixo do capot, o 550 CV do seu carro garantem-lhe potência de sobra para as batalhas. Faz parte do lote de pilotos que ano após ano disputam lugar entre os melhores da competição.",,"[{""season"":2025,""standing"":43,""points"":16},{""season"":2026,""standing"":31,""points"":64}]",/uploads/drivers/harry-kerr.png,true,"Photo (c) Drift Masters - used with permission, source: https://dm.gp/media/mwcbvrel/harry_kerr.png"
igor-derenko,910,Igor,Derenko,,Ford Mustang RTR,0,Ucrânia,🇺🇦,,Ucrânia,"dmec,pro",DMEC,40,16,40,0,0,"Igor Derenko, de Ucrânia, é um dos nomes presentes na grelha 2026 da Drift Masters Grand Prix, ao comando de um Ford Mustang RTR. Na época 2026 ocupa a posição 40 da geral, com 16 pontos somados até ao momento, a correr com o número 910. Faz parte do lote de pilotos que ano após ano disputam lugar entre os melhores da competição.",,"[{""season"":2024,""standing"":0,""points"":0},{""season"":2026,""standing"":40,""points"":16}]",,false,no official photo available on dm.gp
itay-sadeh,95,Itay,Sadeh,,BMW E46,800,Israel,🇮🇱,"Jul 31, 2006",Israel,"dmec,pro",DMEC,20,129,14,0,0,"Natural de Israel, Itay Sadeh representa as cores do seu país na grelha da Drift Masters Grand Prix a bordo de um BMW E46. A sua melhor classificação de sempre na competição foi o lugar 14, e este ano leva 129 pontos somados, a competir sob o número 95. O seu carro está preparado para entregar 800 CV. É mais um dos nomes que compõem a grelha internacional desta que é uma das principais séries de drift da Europa.",,"[{""season"":2023,""standing"":27,""points"":96},{""season"":2024,""standing"":19,""points"":144},{""season"":2025,""standing"":14,""points"":173},{""season"":2026,""standing"":20,""points"":129}]",/uploads/drivers/itay-sadeh.png,true,"Photo (c) Drift Masters - used with permission, source: https://dm.gp/media/xtwm34ik/itay_sadeh.png"
jack-shanahan,59,Jack,Shanahan,,Toyota GT86,950,Irlanda,🇮🇪,"Aug 3, 1999",Irlanda,"dmec,pro",DMEC,5,325,3,0,0,"Jack Shanahan, de Irlanda, é um dos nomes presentes na grelha 2026 da Drift Masters Grand Prix, ao comando de um Toyota GT86. Na época 2026 ocupa a posição 5 da geral, com 325 pontos somados até ao momento, a correr com o número 59. A sua máquina de competição chega aos 950 CV. Já esteve por diversas vezes entre os pilotos mais bem classificados da competição, um resultado que o coloca entre os nomes de referência da grelha.",,"[{""season"":2023,""standing"":5,""points"":328},{""season"":2024,""standing"":8,""points"":228},{""season"":2025,""standing"":3,""points"":351},{""season"":2026,""standing"":5,""points"":325}]",/uploads/drivers/jack-shanahan.png,true,"Photo (c) Drift Masters - used with permission, source: https://dm.gp/media/3qsnea1h/jack_shanahan.png"
jakub-krol,225,Jakub,Król,,Nissan S14.9,850,Polónia,🇵🇱,,Polónia,"dmec,pro",DMEC,24,112,18,0,0,"Jakub Król é piloto de drift, natural de Polónia, e compete na Drift Masters Grand Prix ao volante de um Nissan S14.9. Na época 2026 ocupa a posição 24 da geral, com 112 pontos somados até ao momento, a correr com o número 225. O seu carro está preparado para entregar 850 CV. Faz parte do lote de pilotos que ano após ano disputam lugar entre os melhores da competição.",,"[{""season"":2023,""standing"":29,""points"":86},{""season"":2024,""standing"":18,""points"":160},{""season"":2025,""standing"":21,""points"":138},{""season"":2026,""standing"":24,""points"":112}]",/uploads/drivers/jakub-krol.png,true,"Photo (c) Drift Masters - used with permission, source: https://dm.gp/media/atcfgrcz/jakub_krol.png"
jakub-krzyszczak,926,Jakub,Krzyszczak,,Nissan S14.9,0,Polónia,🇵🇱,,,"dmec,pro",DMEC,0,0,0,0,0,"Jakub Krzyszczak, natural de Polónia, junta-se à grelha da Drift Masters Grand Prix 2026 como piloto wildcard ao volante de um Nissan S14.9. Faz parte do lote de pilotos que ano após ano disputam lugar entre os melhores da competição.",,"[{""season"":2026,""standing"":0,""points"":0}]",,false,no official photo available on dm.gp
jakub-przygonski,86,Jakub,Przygoński,,Toyota GR86,900,Polónia,🇵🇱,,Polónia,"dmec,pro",DMEC,17,166,13,0,0,"Natural de Polónia, Jakub Przygoński representa as cores do seu país na grelha da Drift Masters Grand Prix a bordo de um Toyota GR86. Na época 2026 ocupa a posição 17 da geral, com 166 pontos somados até ao momento, a correr com o número 86. A sua máquina de competição chega aos 900 CV. É mais um dos nomes que compõem a grelha internacional desta que é uma das principais séries de drift da Europa.",,"[{""season"":2023,""standing"":13,""points"":164},{""season"":2024,""standing"":21,""points"":134},{""season"":2025,""standing"":17,""points"":152},{""season"":2026,""standing"":17,""points"":166}]",/uploads/drivers/jakub-przygonski.png,true,"Photo (c) Drift Masters - used with permission, source: https://dm.gp/media/2iimxoq5/jakub_przygonski.png"
james-deane,130,James,Deane,,Ford Mustang RTR,900,Irlanda,🇮🇪,"Oct 14, 1991",Irlanda,"dmec,pro",DMEC,4,337,3,0,0,"James Deane, de Irlanda, é um dos nomes presentes na grelha 2026 da Drift Masters Grand Prix, ao comando de um Ford Mustang RTR. Na época 2026 ocupa a posição 4 da geral, com 337 pontos somados até ao momento, a correr com o número 130. Debaixo do capot, o 900 CV do seu carro garantem-lhe potência de sobra para as batalhas. Já esteve por diversas vezes entre os pilotos mais bem classificados da competição, um resultado que o coloca entre os nomes de referência da grelha.",,"[{""season"":2023,""standing"":23,""points"":104},{""season"":2024,""standing"":3,""points"":409},{""season"":2025,""standing"":5,""points"":323},{""season"":2026,""standing"":4,""points"":337}]",/uploads/drivers/james-deane.png,true,"Photo (c) Drift Masters - used with permission, source: https://dm.gp/media/kvvgzjf2/james_deane.png"
jarkko-jylhae,63,Jarkko,Jylhä,,Toyota Chaser JZX100,900,Finlândia,🇫🇮,"Sep 29, 1993",Finlândia,"dmec,pro",DMEC,18,147,15,0,0,"Natural de Finlândia, Jarkko Jylhä representa as cores do seu país na grelha da Drift Masters Grand Prix a bordo de um Toyota Chaser JZX100. Na época 2026 ocupa a posição 18 da geral, com 147 pontos somados até ao momento, a correr com o número 63. A sua máquina de competição chega aos 900 CV. Faz parte do lote de pilotos que ano após ano disputam lugar entre os melhores da competição.",,"[{""season"":2023,""standing"":38,""points"":37},{""season"":2024,""standing"":34,""points"":64},{""season"":2025,""standing"":15,""points"":160},{""season"":2026,""standing"":18,""points"":147}]",/uploads/drivers/jarkko-jylhae.png,true,"Photo (c) Drift Masters - used with permission, source: https://dm.gp/media/ihamx22v/jarkko_jylha.png"
jason-banet,3,Jason,Banet,,Subaru BRZ,800,França,🇫🇷,"Jul 2, 1998",França,"dmec,pro",DMEC,16,178,16,0,0,"Jason Banet, de França, é um dos nomes presentes na grelha 2026 da Drift Masters Grand Prix, ao comando de um Subaru BRZ. Na época 2026 ocupa a posição 16 da geral, com 178 pontos somados até ao momento, a correr com o número 3. A sua máquina de competição chega aos 800 CV. Faz parte do lote de pilotos que ano após ano disputam lugar entre os melhores da competição.",,"[{""season"":2024,""standing"":41,""points"":32},{""season"":2025,""standing"":22,""points"":129},{""season"":2026,""standing"":16,""points"":178}]",/uploads/drivers/jason-banet.png,true,"Photo (c) Drift Masters - used with permission, source: https://dm.gp/media/3pojmk3p/dm25-driver-photosjason-banet.png"
jason-ye,935,Jason,Ye,,Nissan Silvia S15,0,China,🇨🇳,"Dec 31, 1995",,"dmec,pro",DMEC,0,0,0,0,0,"Jason Ye, natural de China, junta-se à grelha da Drift Masters Grand Prix 2026 como piloto wildcard ao volante de um Nissan Silvia S15. Faz parte do lote de pilotos que ano após ano disputam lugar entre os melhores da competição.",,"[{""season"":2026,""standing"":0,""points"":0}]",,false,no official photo available on dm.gp
joao-vieira,908,Joao,Vieira,,BMW e46,0,Portugal,🇵🇹,,Portugal,"dmec,pro",DMEC,0,0,0,0,0,"Joao Vieira, natural de Portugal, junta-se à grelha da Drift Masters Grand Prix 2026 como piloto wildcard ao volante de um BMW e46. Ao longo das últimas épocas tem vindo a construir o seu percurso na competição internacional.",,"[{""season"":2024,""standing"":0,""points"":0},{""season"":2025,""standing"":0,""points"":0},{""season"":2026,""standing"":0,""points"":0}]",,false,no official photo available on dm.gp
juha-poeytaelaakso,89,Juha,Pöytälaakso,,BMW E92 Eurofighter,850,Finlândia,🇫🇮,"Feb 17, 1989",Finlândia,"dmec,pro",DMEC,30,64,19,0,0,"Juha Pöytälaakso, de Finlândia, é um dos nomes presentes na grelha 2026 da Drift Masters Grand Prix, ao comando de um BMW E92 Eurofighter. A sua melhor classificação de sempre na competição foi o lugar 19, e este ano leva 64 pontos somados, a competir sob o número 89. A sua máquina de competição chega aos 850 CV. Ao longo das últimas épocas tem vindo a construir o seu percurso na competição internacional.",,"[{""season"":2023,""standing"":26,""points"":96},{""season"":2024,""standing"":23,""points"":120},{""season"":2025,""standing"":19,""points"":146},{""season"":2026,""standing"":30,""points"":64}]",/uploads/drivers/juha-poeytaelaakso.png,true,"Photo (c) Drift Masters - used with permission, source: https://dm.gp/media/yj0cjzjf/juha_poytalaakso.png"
juha-rintanen,200,Juha,Rintanen,,Toyota GR86,999,Finlândia,🇫🇮,"Apr 30, 1983",Finlândia,"dmec,pro",DMEC,14,197,3,0,0,"Juha Rintanen, de Finlândia, é um dos nomes presentes na grelha 2026 da Drift Masters Grand Prix, ao comando de um Toyota GR86. Na época 2026 ocupa a posição 14 da geral, com 197 pontos somados até ao momento, a correr com o número 200. A sua máquina de competição chega aos 999 CV. Já esteve por diversas vezes entre os pilotos mais bem classificados da competição, um resultado que o coloca entre os nomes de referência da grelha.",,"[{""season"":2023,""standing"":3,""points"":359},{""season"":2024,""standing"":14,""points"":176},{""season"":2025,""standing"":16,""points"":154},{""season"":2026,""standing"":14,""points"":197}]",/uploads/drivers/juha-rintanen.png,true,"Photo (c) Drift Masters - used with permission, source: https://dm.gp/media/5hcl5db5/juha_rintanen.png"
karim-hany,7,Karim,Hany,,BMW E46,0,Egito,🇪🇬,,,"dmec,pro",DMEC,48,16,48,0,0,"Karim Hany, de Egito, é um dos nomes presentes na grelha 2026 da Drift Masters Grand Prix, ao comando de um BMW E46. A sua melhor classificação de sempre na competição foi o lugar 48, e este ano leva 16 pontos somados, a competir sob o número 7. Ao longo das últimas épocas tem vindo a construir o seu percurso na competição internacional.",,"[{""season"":2026,""standing"":48,""points"":16}]",/uploads/drivers/karim-hany.png,true,"Photo (c) Drift Masters - used with permission, source: https://dm.gp/media/qjthd5xs/karim_hany.png"
kemal-soylu,929,Kemal,Soylu,,BMW E36,0,Turquia,🇹🇷,"Jul 6, 1993",,"dmec,pro",DMEC,0,0,0,0,0,"Vindo de Turquia, Kemal Soylu surge na grelha 2026 da Drift Masters Grand Prix como convidado, a bordo de um BMW E36. Faz parte do lote de pilotos que ano após ano disputam lugar entre os melhores da competição.",,"[{""season"":2026,""standing"":0,""points"":0}]",,false,no official photo available on dm.gp
kevin-pesur,11,Kevin,Pesur,,BMW M2 G87,900,Estónia,🇪🇪,"Jan 1, 1999",Estónia,"dmec,pro",DMEC,9,236,6,0,0,"Natural de Estónia, Kevin Pesur representa as cores do seu país na grelha da Drift Masters Grand Prix a bordo de um BMW M2 G87. A sua melhor classificação de sempre na competição foi o lugar 6, e este ano leva 236 pontos somados, a competir sob o número 11. O seu carro está preparado para entregar 900 CV. É mais um dos nomes que compõem a grelha internacional desta que é uma das principais séries de drift da Europa.",,"[{""season"":2023,""standing"":7,""points"":231},{""season"":2024,""standing"":6,""points"":250},{""season"":2025,""standing"":6,""points"":272},{""season"":2026,""standing"":9,""points"":236}]",/uploads/drivers/kevin-pesur.png,true,"Photo (c) Drift Masters - used with permission, source: https://dm.gp/media/ajlllzdo/kevin_pesur.png"
kevin-piskolty,300,Kevin,Piskolty,,Toyota GR86,880,Hungria,🇭🇺,"Apr 17, 2001",Hungria,"dmec,pro",DMEC,13,202,7,0,0,"Natural de Hungria, Kevin Piskolty representa as cores do seu país na grelha da Drift Masters Grand Prix a bordo de um Toyota GR86. A sua melhor classificação de sempre na competição foi o lugar 7, e este ano leva 202 pontos somados, a competir sob o número 300. O seu carro está preparado para entregar 880 CV. Ao longo das últimas épocas tem vindo a construir o seu percurso na competição internacional.",,"[{""season"":2023,""standing"":10,""points"":189},{""season"":2024,""standing"":7,""points"":246},{""season"":2025,""standing"":24,""points"":128},{""season"":2026,""standing"":13,""points"":202}]",/uploads/drivers/kevin-piskolty.png,true,"Photo (c) Drift Masters - used with permission, source: https://dm.gp/media/vtwfhexq/kevin_piskolty.png"
kim-bjoerklund,917,Kim,Björklund,,BMW E46,740,Finlândia,🇫🇮,,,"dmec,pro",DMEC,39,16,39,0,0,"Kim Björklund, de Finlândia, é um dos nomes presentes na grelha 2026 da Drift Masters Grand Prix, ao comando de um BMW E46. Na época 2026 ocupa a posição 39 da geral, com 16 pontos somados até ao momento, a correr com o número 917. A sua máquina de competição chega aos 740 CV. Ao longo das últimas épocas tem vindo a construir o seu percurso na competição internacional.",,"[{""season"":2026,""standing"":39,""points"":16}]",,false,no official photo available on dm.gp
konstantyn-shchurenko,16,Konstantyn,Shchurenko,,Toyota GT86,900,Ucrânia,🇺🇦,"Jan 16, 1984",Ucrânia,"dmec,pro",DMEC,0,0,0,0,0,"Konstantyn Shchurenko, natural de Ucrânia, junta-se à grelha da Drift Masters Grand Prix 2026 como piloto wildcard ao volante de um Toyota GT86. A sua máquina de competição chega aos 900 CV. É mais um dos nomes que compõem a grelha internacional desta que é uma das principais séries de drift da Europa.",,"[{""season"":2025,""standing"":0,""points"":0},{""season"":2026,""standing"":0,""points"":0}]",/uploads/drivers/konstantyn-shchurenko.png,true,"Photo (c) Drift Masters - used with permission, source: https://dm.gp/media/dlof20tr/konstantyn_shurenko.png"
kristina-aalto,915,Kristiina,Aalto,,BMW E36 M3,850,Finlândia,🇫🇮,"Aug 23, 1985",Finlândia,"dmec,pro",DMEC,45,16,45,0,0,"Kristiina Aalto é piloto de drift, natural de Finlândia, e compete na Drift Masters Grand Prix ao volante de um BMW E36 M3. A sua melhor classificação de sempre na competição foi o lugar 45, e este ano leva 16 pontos somados, a competir sob o número 915. O seu carro está preparado para entregar 850 CV. Faz parte do lote de pilotos que ano após ano disputam lugar entre os melhores da competição.",,"[{""season"":2024,""standing"":0,""points"":0},{""season"":2026,""standing"":45,""points"":16}]",,false,no official photo available on dm.gp
lauri-heinonen,18,Lauri,Heinonen,,Nissan 180SX,960,Finlândia,🇫🇮,"Jun 12, 1992",Finlândia,"dmec,pro",DMEC,19,136,1,0,0,"Lauri Heinonen, de Finlândia, é um dos nomes presentes na grelha 2026 da Drift Masters Grand Prix, ao comando de um Nissan 180SX. Na época 2026 ocupa a posição 19 da geral, com 136 pontos somados até ao momento, a correr com o número 18. Debaixo do capot, o 960 CV do seu carro garantem-lhe potência de sobra para as batalhas. Já esteve por diversas vezes entre os pilotos mais bem classificados da competição, um resultado que o coloca entre os nomes de referência da grelha.",,"[{""season"":2023,""standing"":2,""points"":415},{""season"":2024,""standing"":1,""points"":437},{""season"":2025,""standing"":7,""points"":255},{""season"":2026,""standing"":19,""points"":136}]",/uploads/drivers/lauri-heinonen.png,true,"Photo (c) Drift Masters - used with permission, source: https://dm.gp/media/3vbbvg5e/lauri_heinonen.png"
lukasz-tasiemski,906,Łukasz,Tasiemski,,Alfa Romeo Quadrifoglio,0,Polónia,🇵🇱,"May 21, 1991",Polónia,"dmec,pro",DMEC,37,16,37,0,0,"Łukasz Tasiemski é piloto de drift, natural de Polónia, e compete na Drift Masters Grand Prix ao volante de um Alfa Romeo Quadrifoglio. A sua melhor classificação de sempre na competição foi o lugar 37, e este ano leva 16 pontos somados, a competir sob o número 906. Faz parte do lote de pilotos que ano após ano disputam lugar entre os melhores da competição.",,"[{""season"":2024,""standing"":0,""points"":0},{""season"":2025,""standing"":44,""points"":16},{""season"":2026,""standing"":37,""points"":16}]",/uploads/drivers/lukasz-tasiemski.png,true,"Photo (c) Drift Masters - used with permission, source: https://dm.gp/media/injlebnp/lukasz_tasiemski.png"
mads-andreasen,905,Mads,Andreasen,,BMW E92 M3,0,Dinamarca,🇩🇰,"Jan 1, 1995",Dinamarca,"dmec,pro",DMEC,47,16,47,0,0,"Natural de Dinamarca, Mads Andreasen representa as cores do seu país na grelha da Drift Masters Grand Prix a bordo de um BMW E92 M3. A sua melhor classificação de sempre na competição foi o lugar 47, e este ano leva 16 pontos somados, a competir sob o número 905. É mais um dos nomes que compõem a grelha internacional desta que é uma das principais séries de drift da Europa.",,"[{""season"":2025,""standing"":0,""points"":0},{""season"":2026,""standing"":47,""points"":16}]",/uploads/drivers/mads-andreasen.png,true,"Photo (c) Drift Masters - used with permission, source: https://dm.gp/media/v5olglxt/mads_andreasen.png"
manuel-vacca,904,Manuel,Vacca,,BMW E36,0,Itália,🇮🇹,"Mar 8, 1982",Itália,"dmec,pro",DMEC,0,0,45,0,0,"Vindo de Itália, Manuel Vacca surge na grelha 2026 da Drift Masters Grand Prix como convidado, a bordo de um BMW E36. Nas épocas em que já correu, chegou a alcançar o lugar 45 da classificação geral. Faz parte do lote de pilotos que ano após ano disputam lugar entre os melhores da competição.",,"[{""season"":2023,""standing"":45,""points"":32},{""season"":2024,""standing"":48,""points"":16},{""season"":2025,""standing"":0,""points"":0},{""season"":2026,""standing"":0,""points"":0}]",/uploads/drivers/manuel-vacca.png,true,"Photo (c) Drift Masters - used with permission, source: https://dm.gp/media/xjbjimh1/manuel_vacca.png"
marco-zakouril,55,Marco,Zakouril,,BMW M2 F87,900,República Checa,🇨🇿,"Sep 22, 1993",República Checa,"dmec,pro",DMEC,25,112,12,0,0,"Marco Zakouril, de República Checa, é um dos nomes presentes na grelha 2026 da Drift Masters Grand Prix, ao comando de um BMW M2 F87. Na época 2026 ocupa a posição 25 da geral, com 112 pontos somados até ao momento, a correr com o número 55. Debaixo do capot, o 900 CV do seu carro garantem-lhe potência de sobra para as batalhas. Ao longo das últimas épocas tem vindo a construir o seu percurso na competição internacional.",,"[{""season"":2023,""standing"":14,""points"":160},{""season"":2024,""standing"":25,""points"":99},{""season"":2025,""standing"":12,""points"":185},{""season"":2026,""standing"":25,""points"":112}]",/uploads/drivers/marco-zakouril.png,true,"Photo (c) Drift Masters - used with permission, source: https://dm.gp/media/zquhds1m/marco_zakouril.png"
martins-immermanis,923,Mārtiņš,Immermanis,,Toyota GT86,0,Letónia,🇱🇻,"Apr 4, 2008",Letónia,"dmec,pro",DMEC,42,16,42,0,0,"Mārtiņš Immermanis, de Letónia, é um dos nomes presentes na grelha 2026 da Drift Masters Grand Prix, ao comando de um Toyota GT86. A sua melhor classificação de sempre na competição foi o lugar 42, e este ano leva 16 pontos somados, a competir sob o número 923. Faz parte do lote de pilotos que ano após ano disputam lugar entre os melhores da competição.",,"[{""season"":2025,""standing"":0,""points"":0},{""season"":2026,""standing"":42,""points"":16}]",,false,no official photo available on dm.gp
matias-lindell,920,Matias,Lindell,,BMW E46,0,Finlândia,🇫🇮,"Apr 27, 1995",Finlândia,"dmec,pro",DMEC,0,0,0,0,0,"Matias Lindell, natural de Finlândia, junta-se à grelha da Drift Masters Grand Prix 2026 como piloto wildcard ao volante de um BMW E46. Ao longo das últimas épocas tem vindo a construir o seu percurso na competição internacional.",,"[{""season"":2025,""standing"":0,""points"":0},{""season"":2026,""standing"":0,""points"":0}]",,false,no official photo available on dm.gp
max-heidrich,933,Max,Heidrich,,Nissan 200SX,0,Alemanha,🇩🇪,"Mar 27, 1992",Alemanha,"dmec,pro",DMEC,0,0,20,0,0,"Vindo de Alemanha, Max Heidrich surge na grelha 2026 da Drift Masters Grand Prix como convidado, a bordo de um Nissan 200SX. Nas épocas em que já correu, chegou a alcançar o lugar 20 da classificação geral. Faz parte do lote de pilotos que ano após ano disputam lugar entre os melhores da competição.",,"[{""season"":2023,""standing"":20,""points"":112},{""season"":2024,""standing"":27,""points"":96},{""season"":2025,""standing"":39,""points"":32},{""season"":2026,""standing"":0,""points"":0}]",,false,no official photo available on dm.gp
michele-landolfi,902,Michele,Landolfi,,BMW M3,0,Itália,🇮🇹,,,"dmec,pro",DMEC,0,0,0,0,0,"Vindo de Itália, Michele Landolfi surge na grelha 2026 da Drift Masters Grand Prix como convidado, a bordo de um BMW M3. Ao longo das últimas épocas tem vindo a construir o seu percurso na competição internacional.",,"[{""season"":2026,""standing"":0,""points"":0}]",/uploads/drivers/michele-landolfi.png,true,"Photo (c) Drift Masters - used with permission, source: https://dm.gp/media/quznfwwg/michele_landolfi.png"
mika-keski-korpi,46,Mika,Keski-korpi,,BMW F22 Eurofighter,800,Finlândia,🇫🇮,"Apr 26, 1992",Finlândia,"dmec,pro",DMEC,11,221,11,0,0,"Mika Keski-korpi é piloto de drift, natural de Finlândia, e compete na Drift Masters Grand Prix ao volante de um BMW F22 Eurofighter. Na época 2026 ocupa a posição 11 da geral, com 221 pontos somados até ao momento, a correr com o número 46. O seu carro está preparado para entregar 800 CV. Faz parte do lote de pilotos que ano após ano disputam lugar entre os melhores da competição.",,"[{""season"":2023,""standing"":34,""points"":64},{""season"":2024,""standing"":16,""points"":176},{""season"":2025,""standing"":13,""points"":179},{""season"":2026,""standing"":11,""points"":221}]",/uploads/drivers/mika-keski-korpi.png,true,"Photo (c) Drift Masters - used with permission, source: https://dm.gp/media/o31dvjaf/mika_keski-korpi.png"
mikolaj-zakrzewski,927,Mikolaj,Zakrzewski,,Nissan S15 Silvia,0,Polónia,🇵🇱,"Oct 13, 1993",,"dmec,pro",DMEC,37,16,37,0,0,"Natural de Polónia, Mikolaj Zakrzewski representa as cores do seu país na grelha da Drift Masters Grand Prix a bordo de um Nissan S15 Silvia. A sua melhor classificação de sempre na competição foi o lugar 37, e este ano leva 16 pontos somados, a competir sob o número 927. Faz parte do lote de pilotos que ano após ano disputam lugar entre os melhores da competição.",,"[{""season"":2026,""standing"":37,""points"":16}]",,false,no official photo available on dm.gp
nasser-alharbali,23,Nasser,Alharbali,,Nissan 400Z,1100,El Salvador,🇸🇻,,El Salvador,"dmec,pro",DMEC,15,192,15,0,0,"Nasser Alharbali é piloto de drift, natural de El Salvador, e compete na Drift Masters Grand Prix ao volante de um Nissan 400Z. A sua melhor classificação de sempre na competição foi o lugar 15, e este ano leva 192 pontos somados, a competir sob o número 23. A sua máquina de competição chega aos 1100 CV. É mais um dos nomes que compõem a grelha internacional desta que é uma das principais séries de drift da Europa.",,"[{""season"":2024,""standing"":42,""points"":32},{""season"":2025,""standing"":31,""points"":64},{""season"":2026,""standing"":15,""points"":192}]",/uploads/drivers/nasser-alharbali.png,true,"Photo (c) Drift Masters - used with permission, source: https://dm.gp/media/jadhmuz4/nasser_alharbali_ureas.png"
nikolass-bertans,12,Nikolass,Bertans,,BMW HGK,1000,Letónia,🇱🇻,,Letónia,"dmec,pro",DMEC,10,228,10,0,0,"Natural de Letónia, Nikolass Bertans representa as cores do seu país na grelha da Drift Masters Grand Prix a bordo de um BMW HGK. Na época 2026 ocupa a posição 10 da geral, com 228 pontos somados até ao momento, a correr com o número 12. A sua máquina de competição chega aos 1000 CV. Faz parte do lote de pilotos que ano após ano disputam lugar entre os melhores da competição.",,"[{""season"":2023,""standing"":21,""points"":104},{""season"":2024,""standing"":0,""points"":0},{""season"":2025,""standing"":29,""points"":76},{""season"":2026,""standing"":10,""points"":228}]",/uploads/drivers/nikolass-bertans.png,true,"Photo (c) Drift Masters - used with permission, source: https://dm.gp/media/uwrfpuyy/nikolass_bertans.png"
ole-peter-vatn,911,Ole,Peter Vatn,,BMW e82,0,Noruega,🇳🇴,,Noruega,"dmec,pro",DMEC,0,0,0,0,0,"Vindo de Noruega, Ole Peter Vatn surge na grelha 2026 da Drift Masters Grand Prix como convidado, a bordo de um BMW e82. É mais um dos nomes que compõem a grelha internacional desta que é uma das principais séries de drift da Europa.",,"[{""season"":2024,""standing"":0,""points"":0},{""season"":2026,""standing"":0,""points"":0}]",,false,no official photo available on dm.gp
oliver-randalu,36,Oliver,Randalu,,BMW E46,900,Estónia,🇪🇪,"Feb 5, 1991",Estónia,"dmec,pro",DMEC,8,236,8,0,0,"Oliver Randalu, de Estónia, é um dos nomes presentes na grelha 2026 da Drift Masters Grand Prix, ao comando de um BMW E46. A sua melhor classificação de sempre na competição foi o lugar 8, e este ano leva 236 pontos somados, a competir sob o número 36. A sua máquina de competição chega aos 900 CV. Faz parte do lote de pilotos que ano após ano disputam lugar entre os melhores da competição.",,"[{""season"":2023,""standing"":16,""points"":128},{""season"":2024,""standing"":15,""points"":176},{""season"":2025,""standing"":8,""points"":232},{""season"":2026,""standing"":8,""points"":236}]",/uploads/drivers/oliver-randalu.png,true,"Photo (c) Drift Masters - used with permission, source: https://dm.gp/media/barpmshx/oliver_randalu.png"
pauli-laakso,926,Pauli,Laakso,,BMW E92 Eurofighter,0,Finlândia,🇫🇮,"Sep 30, 1997",,"dmec,pro",DMEC,0,0,0,0,0,"Vindo de Finlândia, Pauli Laakso surge na grelha 2026 da Drift Masters Grand Prix como convidado, a bordo de um BMW E92 Eurofighter. Ao longo das últimas épocas tem vindo a construir o seu percurso na competição internacional.",,"[{""season"":2026,""standing"":0,""points"":0}]",,false,no official photo available on dm.gp
paulus-perkkioe,916,Paulus,Perkkiö,,Bmw E36 328,900,Finlândia,🇫🇮,"Aug 2, 1996",Finlândia,"dmec,pro",DMEC,42,16,42,0,0,"Paulus Perkkiö, de Finlândia, é um dos nomes presentes na grelha 2026 da Drift Masters Grand Prix, ao comando de um Bmw E36 328. A sua melhor classificação de sempre na competição foi o lugar 42, e este ano leva 16 pontos somados, a competir sob o número 916. A sua máquina de competição chega aos 900 CV. Faz parte do lote de pilotos que ano após ano disputam lugar entre os melhores da competição.",,"[{""season"":2025,""standing"":50,""points"":16},{""season"":2026,""standing"":42,""points"":16}]",,false,no official photo available on dm.gp
pawel-korpulinski,74,Paweł,Korpuliński,,Nissan S14,850,Polónia,🇵🇱,,Polónia,"dmec,pro",DMEC,2,414,2,0,0,"Paweł Korpuliński é piloto de drift, natural de Polónia, e compete na Drift Masters Grand Prix ao volante de um Nissan S14. A sua melhor classificação de sempre na competição foi o lugar 2, e este ano leva 414 pontos somados, a competir sob o número 74. O seu carro está preparado para entregar 850 CV. Já esteve por diversas vezes entre os pilotos mais bem classificados da competição, um resultado que o coloca entre os nomes de referência da grelha.",,"[{""season"":2023,""standing"":12,""points"":173},{""season"":2024,""standing"":5,""points"":265},{""season"":2025,""standing"":4,""points"":327},{""season"":2026,""standing"":2,""points"":414}]",/uploads/drivers/pawel-korpulinski.png,true,"Photo (c) Drift Masters - used with permission, source: https://dm.gp/media/aeontava/pawel_korpulinski.png"
peter-brolli,931,Peter,Brolli,,BMW E36,0,Áustria,🇦🇹,"Aug 25, 1994",,"dmec,pro",DMEC,0,0,0,0,0,"Vindo de Áustria, Peter Brolli surge na grelha 2026 da Drift Masters Grand Prix como convidado, a bordo de um BMW E36. É mais um dos nomes que compõem a grelha internacional desta que é uma das principais séries de drift da Europa.",,"[{""season"":2026,""standing"":0,""points"":0}]",,false,no official photo available on dm.gp
piotr-wiecek,215,Piotr,Więcek,,Toyota Supra GR,1100,Polónia,🇵🇱,"Jul 27, 1990",Polónia,"dmec,pro",DMEC,1,436,1,0,0,"Piotr Więcek, de Polónia, é um dos nomes presentes na grelha 2026 da Drift Masters Grand Prix, ao comando de um Toyota Supra GR. A sua melhor classificação de sempre na competição foi o lugar 1, e este ano leva 436 pontos somados, a competir sob o número 215. A sua máquina de competição chega aos 1100 CV. Já esteve por diversas vezes entre os pilotos mais bem classificados da competição, um resultado que o coloca entre os nomes de referência da grelha.",,"[{""season"":2023,""standing"":4,""points"":341},{""season"":2024,""standing"":12,""points"":209},{""season"":2025,""standing"":2,""points"":406},{""season"":2026,""standing"":1,""points"":436}]",/uploads/drivers/piotr-wiecek.png,true,"Photo (c) Drift Masters - used with permission, source: https://dm.gp/media/xhypiuup/piotr_wiecek.png"
raman-kandratsenka,909,Raman,Kandratsenka,,Mercedes AMG GT,0,Portugal,🇵🇹,,Portugal,"dmec,pro",DMEC,34,48,34,0,0,"Raman Kandratsenka, de Portugal, é um dos nomes presentes na grelha 2026 da Drift Masters Grand Prix, ao comando de um Mercedes AMG GT. A sua melhor classificação de sempre na competição foi o lugar 34, e este ano leva 48 pontos somados, a competir sob o número 909. Faz parte do lote de pilotos que ano após ano disputam lugar entre os melhores da competição.",,"[{""season"":2026,""standing"":34,""points"":48}]",,false,no official photo available on dm.gp
riccardo-tonali,901,Riccardo,Tonali,,Nissan 180SX,0,Itália,🇮🇹,"Jan 1, 2002",Itália,"dmec,pro",DMEC,0,0,0,0,0,"Vindo de Itália, Riccardo Tonali surge na grelha 2026 da Drift Masters Grand Prix como convidado, a bordo de um Nissan 180SX. Faz parte do lote de pilotos que ano após ano disputam lugar entre os melhores da competição.",,"[{""season"":2025,""standing"":0,""points"":0},{""season"":2026,""standing"":0,""points"":0}]",/uploads/drivers/riccardo-tonali.png,true,"Photo (c) Drift Masters - used with permission, source: https://dm.gp/media/iuhpsyke/riccardo_tonali.png"
siim-oskar-haeael,925,Siim,Oskar Hääl,,Toyota GT86,0,Estónia,🇪🇪,,,"dmec,pro",DMEC,33,48,33,0,0,"Natural de Estónia, Siim Oskar Hääl representa as cores do seu país na grelha da Drift Masters Grand Prix a bordo de um Toyota GT86. Na época 2026 ocupa a posição 33 da geral, com 48 pontos somados até ao momento, a correr com o número 925. Ao longo das últimas épocas tem vindo a construir o seu percurso na competição internacional.",,"[{""season"":2026,""standing"":33,""points"":48}]",,false,no official photo available on dm.gp
simen-olsen,707,Simen,Olsen,,Nissan S14.9,0,Noruega,🇳🇴,"Mar 19, 1997",Noruega,"dmec,pro",DMEC,28,98,28,0,0,"Natural de Noruega, Simen Olsen representa as cores do seu país na grelha da Drift Masters Grand Prix a bordo de um Nissan S14.9. Na época 2026 ocupa a posição 28 da geral, com 98 pontos somados até ao momento, a correr com o número 707. É mais um dos nomes que compõem a grelha internacional desta que é uma das principais séries de drift da Europa.",,"[{""season"":2025,""standing"":36,""points"":32},{""season"":2026,""standing"":28,""points"":98}]",/uploads/drivers/simen-olsen.png,true,"Photo (c) Drift Masters - used with permission, source: https://dm.gp/media/04knwihy/simen_olsen.png"
steven-mcconnell,913,Steven,Mcconnell,,Nissan 180SX,0,Reino Unido,🇬🇧,,,"dmec,pro",DMEC,0,0,0,0,0,"Vindo de Reino Unido, Steven Mcconnell surge na grelha 2026 da Drift Masters Grand Prix como convidado, a bordo de um Nissan 180SX. Ao longo das últimas épocas tem vindo a construir o seu percurso na competição internacional.",,"[{""season"":2026,""standing"":0,""points"":0}]",,false,no official photo available on dm.gp
teemu-asunmaa,87,Teemu,Asunmaa,,BMW M2,800,Finlândia,🇫🇮,"May 14, 1987",Finlândia,"dmec,pro",DMEC,26,112,26,0,0,"Natural de Finlândia, Teemu Asunmaa representa as cores do seu país na grelha da Drift Masters Grand Prix a bordo de um BMW M2. A sua melhor classificação de sempre na competição foi o lugar 26, e este ano leva 112 pontos somados, a competir sob o número 87. O seu carro está preparado para entregar 800 CV. Faz parte do lote de pilotos que ano após ano disputam lugar entre os melhores da competição.",,"[{""season"":2025,""standing"":51,""points"":16},{""season"":2026,""standing"":26,""points"":112}]",/uploads/drivers/teemu-asunmaa.png,true,"Photo (c) Drift Masters - used with permission, source: https://dm.gp/media/eq0opo5z/teemu_asunmaa.png"
thanupat-lerttaweevit,932,Thanupat,Lerttaweevit,,Nissan S15 Silvia GT,0,Tailândia,🇹🇭,"May 27, 1983",Tailândia,"dmec,pro",DMEC,0,0,0,0,0,"Thanupat Lerttaweevit, natural de Tailândia, junta-se à grelha da Drift Masters Grand Prix 2026 como piloto wildcard ao volante de um Nissan S15 Silvia GT. É mais um dos nomes que compõem a grelha internacional desta que é uma das principais séries de drift da Europa.",,"[{""season"":2024,""standing"":0,""points"":0},{""season"":2026,""standing"":0,""points"":0}]",,false,no official photo available on dm.gp
timur-lypskyi,912,Timur,Lypskyi,,Nissan S14,0,Ucrânia,🇺🇦,"Aug 31, 2006",Ucrânia,"dmec,pro",DMEC,0,0,58,0,0,"Vindo de Ucrânia, Timur Lypskyi surge na grelha 2026 da Drift Masters Grand Prix como convidado, a bordo de um Nissan S14. Nas épocas em que já correu, chegou a alcançar o lugar 58 da classificação geral. Faz parte do lote de pilotos que ano após ano disputam lugar entre os melhores da competição.",,"[{""season"":2023,""standing"":58,""points"":16},{""season"":2026,""standing"":0,""points"":0}]",,false,no official photo available on dm.gp
toni-ojatalo,937,Toni,Ojatalo,,BMW E92 M3,0,Finlândia,🇫🇮,"Aug 31, 1987",Finlândia,"dmec,pro",DMEC,0,0,52,0,0,"Vindo de Finlândia, Toni Ojatalo surge na grelha 2026 da Drift Masters Grand Prix como convidado, a bordo de um BMW E92 M3. Nas épocas em que já correu, chegou a alcançar o lugar 52 da classificação geral. Ao longo das últimas épocas tem vindo a construir o seu percurso na competição internacional.",,"[{""season"":2023,""standing"":52,""points"":16},{""season"":2024,""standing"":0,""points"":0},{""season"":2025,""standing"":0,""points"":0},{""season"":2026,""standing"":0,""points"":0}]",,false,no official photo available on dm.gp
ville-kaukonen,918,Ville,Kaukonen,,BMW M2 G87,666,Finlândia,🇫🇮,"May 24, 1987",Finlândia,"dmec,pro",DMEC,0,0,0,0,0,"Vindo de Finlândia, Ville Kaukonen surge na grelha 2026 da Drift Masters Grand Prix como convidado, a bordo de um BMW M2 G87. O seu carro está preparado para entregar 666 CV. É mais um dos nomes que compõem a grelha internacional desta que é uma das principais séries de drift da Europa.",,"[{""season"":2024,""standing"":0,""points"":0},{""season"":2025,""standing"":0,""points"":0},{""season"":2026,""standing"":0,""points"":0}]",,false,no official photo available on dm.gp
yves-meyer,91,Yves,Meyer,,Toyota GR Supra,1010,Suíça,🇨🇭,"Jun 12, 1991",Suíça,"dmec,pro",DMEC,36,32,33,0,0,"Natural de Suíça, Yves Meyer representa as cores do seu país na grelha da Drift Masters Grand Prix a bordo de um Toyota GR Supra. Na época 2026 ocupa a posição 36 da geral, com 32 pontos somados até ao momento, a correr com o número 91. O seu carro está preparado para entregar 1010 CV. É mais um dos nomes que compõem a grelha internacional desta que é uma das principais séries de drift da Europa.",,"[{""season"":2024,""standing"":37,""points"":48},{""season"":2025,""standing"":33,""points"":64},{""season"":2026,""standing"":36,""points"":32}]",/uploads/drivers/yves-meyer.png,true,"Photo (c) Drift Masters - used with permission, source: https://dm.gp/media/0pyjyg1u/yves_meyer.png"
